# Blender 4.1.1
# www.blender.org
mtllib test_13_2.mtl
o Icosphere.001
v 1.099506 0.023715 0.133529
v 1.098468 0.024501 0.131901
v 1.099001 0.022946 0.131977
v 1.098340 0.028007 0.131946
v 1.098769 0.024113 0.129283
v 1.100690 0.022415 0.129723
v 1.102265 0.023706 0.130630
v 1.102053 0.025999 0.130848
v 1.098757 0.024267 0.132929
v 1.099530 0.024718 0.133351
v 1.100538 0.024896 0.133217
v 1.099076 0.023235 0.132871
v 1.100287 0.022565 0.133856
v 1.100016 0.022061 0.132993
v 1.101293 0.022874 0.133533
v 1.101007 0.026444 0.132080
v 1.102207 0.025207 0.132541
v 1.098391 0.026034 0.131814
v 1.098285 0.023096 0.130379
v 1.097179 0.024169 0.130797
v 1.100660 0.022329 0.131258
v 1.099506 0.021947 0.130735
v 1.102084 0.023977 0.132229
v 1.101541 0.022989 0.131817
v 1.100921 0.026624 0.130186
v 1.096216 0.025637 0.130444
v 1.099696 0.023089 0.129119
v 1.101695 0.023034 0.129980
v 1.102645 0.024859 0.130701
v 1.098884 0.024998 0.132207
v 1.100148 0.025186 0.132994
v 1.099277 0.023501 0.133175
v 1.098742 0.023366 0.132012
v 1.099964 0.023084 0.133696
v 1.100502 0.022115 0.133003
v 1.101429 0.023304 0.133650
v 1.100430 0.026094 0.132388
v 1.102126 0.025679 0.131497
v 1.098064 0.024928 0.131643
v 1.098596 0.022927 0.131004
v 1.097148 0.024140 0.130111
v 1.100881 0.022152 0.132376
v 1.100129 0.022260 0.130102
v 1.101959 0.023756 0.133184
v 1.101847 0.023508 0.131090
v 1.098890 0.028345 0.131754
v 1.096012 0.025071 0.130040
v 1.100224 0.022706 0.129476
v 1.102051 0.023364 0.130224
v 1.102371 0.025387 0.130811
v 1.099942 0.024395 0.128471
v 1.101150 0.023258 0.129032
v 1.099492 0.024262 0.133395
v 1.101052 0.024196 0.133522
v 1.100116 0.023529 0.133851
v 1.099049 0.023072 0.132442
v 1.098481 0.023957 0.131800
v 1.100596 0.022390 0.133464
v 1.099604 0.022404 0.132527
v 1.101070 0.022529 0.133314
v 1.101572 0.026227 0.131344
v 1.102045 0.024261 0.133380
v 1.098746 0.026527 0.131164
v 1.098588 0.023644 0.129748
v 1.097660 0.024237 0.131339
v 1.100623 0.022355 0.130328
v 1.099257 0.022229 0.131333
v 1.102106 0.024001 0.131303
v 1.101252 0.022457 0.132597
v 1.101483 0.026287 0.130572
v 1.098544 0.026281 0.130226
v 1.099226 0.023585 0.129246
v 1.101311 0.022592 0.129906
v 1.102599 0.024197 0.130778
v 1.100770 0.023542 0.128735
v 1.102414 0.025115 0.131451
v 1.102210 0.024613 0.132514
v 1.102381 0.024577 0.131385
v 1.101506 0.023110 0.130820
v 1.101126 0.022675 0.131491
v 1.101081 0.022752 0.130578
v 1.099629 0.022579 0.129845
v 1.098885 0.022554 0.130515
v 1.099042 0.023104 0.129709
v 1.096391 0.025007 0.130731
v 1.097502 0.024992 0.131101
v 1.097968 0.025710 0.130535
v 1.099923 0.027554 0.131819
v 1.100446 0.026798 0.132038
v 1.100989 0.026507 0.131084
v 1.101860 0.023415 0.132058
v 1.101847 0.023235 0.133047
v 1.101557 0.022826 0.132839
v 1.100029 0.022020 0.131000
v 1.100407 0.021905 0.132179
v 1.099923 0.021643 0.132037
v 1.097981 0.023753 0.130590
v 1.098231 0.023445 0.131095
v 1.098981 0.026698 0.132155
v 1.098955 0.025676 0.132240
v 1.099549 0.026466 0.132653
v 1.101585 0.025895 0.132218
v 1.100869 0.025802 0.132606
v 1.101507 0.025097 0.132960
v 1.100928 0.023132 0.133928
v 1.100434 0.023015 0.134013
v 1.100152 0.022313 0.133425
v 1.099744 0.022858 0.133349
v 1.098775 0.023515 0.132454
v 1.098908 0.023767 0.132885
v 1.098626 0.024015 0.132499
v 1.100652 0.024090 0.133727
v 1.100026 0.024822 0.133270
v 1.099964 0.024288 0.133511
v 1.098873 0.024901 0.132682
v 1.099144 0.024494 0.133141
v 1.099246 0.024967 0.132965
v 1.100933 0.026012 0.128964
v 1.100423 0.025814 0.128577
v 1.100078 0.024825 0.128444
v 1.101466 0.023439 0.129146
v 1.102324 0.024321 0.129724
v 1.100055 0.025415 0.128349
v 1.100222 0.024022 0.128536
v 1.096847 0.024407 0.130568
v 1.098037 0.024166 0.131606
v 1.097485 0.023935 0.131035
v 1.096905 0.024796 0.130906
v 1.095974 0.024758 0.130434
v 1.095487 0.025029 0.130644
v 1.097356 0.024482 0.131122
v 1.098336 0.028429 0.132616
v 1.099596 0.025658 0.132640
v 1.099861 0.027004 0.132612
v 1.099614 0.027558 0.132323
v 1.099916 0.026184 0.132712
v 1.099316 0.026906 0.132523
v 1.099066 0.027357 0.132374
v 1.099036 0.028207 0.132241
v 1.101079 0.022434 0.127237
v 1.103546 0.023828 0.129006
v 1.101843 0.026541 0.126754
v 1.100336 0.023299 0.126186
v 1.105386 0.023088 0.123566
v 1.106463 0.025261 0.123911
v 1.105047 0.026814 0.123638
v 1.102990 0.025464 0.123018
v 1.103657 0.023147 0.121416
v 1.105868 0.024682 0.120924
v 1.102418 0.022930 0.128578
v 1.100152 0.022063 0.126088
v 1.101958 0.025667 0.129624
v 1.103571 0.025644 0.129153
v 1.100893 0.025371 0.126490
v 1.104823 0.022954 0.126999
v 1.103311 0.022102 0.126102
v 1.105423 0.024770 0.127403
v 1.103348 0.026981 0.125667
v 1.101482 0.024628 0.124545
v 1.102281 0.026121 0.124783
v 1.104522 0.022951 0.122549
v 1.106190 0.024008 0.123684
v 1.106692 0.026381 0.122766
v 1.103976 0.026245 0.123156
v 1.103055 0.024311 0.122178
v 1.105859 0.023686 0.121957
v 1.106453 0.025407 0.121778
v 1.106289 0.025635 0.121622
v 1.104492 0.025223 0.121519
v 1.103012 0.023330 0.128916
v 1.100223 0.023988 0.127141
v 1.101941 0.026896 0.128095
v 1.100568 0.024416 0.126355
v 1.101849 0.023125 0.122957
v 1.104201 0.023406 0.128249
v 1.104577 0.022488 0.124741
v 1.106128 0.025121 0.125585
v 1.102508 0.026812 0.126302
v 1.104875 0.027183 0.125111
v 1.100739 0.023846 0.125523
v 1.102637 0.025781 0.123783
v 1.105024 0.022979 0.123098
v 1.106397 0.024661 0.123813
v 1.106125 0.026766 0.122527
v 1.103430 0.025851 0.123016
v 1.103490 0.023811 0.121161
v 1.105697 0.023318 0.122741
v 1.106687 0.025107 0.122981
v 1.105490 0.026462 0.122525
v 1.103661 0.025363 0.122302
v 1.102219 0.023876 0.129676
v 1.101799 0.022727 0.128096
v 1.103481 0.024527 0.129170
v 1.101273 0.026395 0.127991
v 1.101349 0.026074 0.126636
v 1.102454 0.022425 0.123358
v 1.105197 0.022832 0.125099
v 1.102000 0.022203 0.126879
v 1.106059 0.026051 0.125549
v 1.104478 0.024223 0.128420
v 1.104244 0.026961 0.124748
v 1.102309 0.025176 0.123637
v 1.101985 0.026380 0.125844
v 1.104267 0.022863 0.121680
v 1.105826 0.023449 0.123584
v 1.106935 0.025775 0.123077
v 1.104542 0.026577 0.123407
v 1.102978 0.024951 0.122666
v 1.105989 0.024066 0.121289
v 1.104687 0.023733 0.120984
v 1.105264 0.025054 0.120779
v 1.103832 0.024781 0.121681
v 1.105155 0.025642 0.121533
v 1.104268 0.025772 0.122259
v 1.104901 0.026160 0.122332
v 1.106308 0.024247 0.121997
v 1.106498 0.024438 0.122821
v 1.106179 0.023818 0.122711
v 1.105289 0.023255 0.122106
v 1.101909 0.023650 0.123376
v 1.101054 0.023532 0.124754
v 1.102098 0.024432 0.123493
v 1.103112 0.026261 0.123968
v 1.102796 0.026603 0.125107
v 1.103662 0.026651 0.124292
v 1.105553 0.027366 0.124861
v 1.106150 0.026656 0.125260
v 1.106039 0.024215 0.125476
v 1.105265 0.023744 0.127247
v 1.105711 0.023429 0.125311
v 1.103829 0.022392 0.124238
v 1.102110 0.022062 0.125596
v 1.102983 0.022446 0.123762
v 1.101846 0.025482 0.124609
v 1.101112 0.024970 0.125493
v 1.101516 0.025786 0.125617
v 1.104003 0.027305 0.126606
v 1.102767 0.027293 0.128172
v 1.104210 0.027580 0.128608
v 1.105232 0.026071 0.127579
v 1.104474 0.025361 0.128510
v 1.104171 0.022394 0.126624
v 1.103645 0.022798 0.127956
v 1.102931 0.022407 0.127501
v 1.100394 0.024958 0.127379
v 1.100678 0.025758 0.127789
v 1.101474 0.026010 0.129301
v 1.102382 0.025122 0.129789
v 1.101779 0.023504 0.129463
v 1.108861 0.026352 0.119742
v 1.103601 0.027665 0.127858
v 1.107802 0.028938 0.135833
v 1.110834 0.028819 0.140996
v 1.114615 0.028604 0.144132
v 1.124370 0.027843 0.146757
v 1.112179 0.028571 0.137545
v 1.114837 0.028496 0.141455
v 1.117935 0.028150 0.141090
v 1.097144 0.014810 0.129806
v 1.099205 -0.004429 0.132466
v 1.097268 -0.000680 0.134073
v 1.096483 0.004696 0.133564
v 1.096218 0.010161 0.132422
v 1.103883 0.008469 0.122321
v 1.097764 0.005494 0.131703
v 1.101543 0.000701 0.127790
v 1.097784 0.018783 0.127946
v 1.099335 0.022287 0.127148
v 1.110550 0.028783 0.141108
v 1.114429 0.028583 0.144381
v 1.118031 0.028376 0.146786
v 1.096688 0.012561 0.131233
v 1.122611 0.027868 0.143519
v 1.122127 0.027729 0.139033
v 1.119182 0.027865 0.135614
v 1.117962 0.027993 0.129775
v 1.113959 0.029227 0.124989
v 1.112046 0.028785 0.121510
v 1.096734 0.002090 0.134047
v 1.111280 0.026682 0.116976
v 1.108271 0.024258 0.116584
v 1.098158 -0.002513 0.133369
v 1.105306 0.020948 0.114545
v 1.102794 0.018510 0.116579
v 1.102322 0.015431 0.118644
v 1.101920 0.005075 0.126115
v 1.099764 -0.001517 0.130896
v 1.096258 0.007529 0.133201
v 1.111002 0.025895 0.115849
v 1.097449 0.016807 0.128908
v 1.098434 0.020602 0.127423
v 1.099719 0.023214 0.127705
v 1.104337 0.028373 0.130816
v 1.106468 0.028949 0.133938
v 1.109187 0.028795 0.138420
v 1.112503 0.028681 0.142735
v 1.116251 0.028475 0.145557
v 1.122391 0.027789 0.141206
v 1.120620 0.027796 0.137287
v 1.118598 0.027822 0.132818
v 1.115976 0.028736 0.127385
v 1.112995 0.029220 0.123162
v 1.111814 0.028101 0.119315
v 1.109632 0.025060 0.116192
v 1.107688 0.023166 0.115301
v 1.103884 0.019868 0.115436
v 1.102388 0.017038 0.117485
v 1.103050 0.011953 0.120386
v 1.102949 0.006745 0.124251
v 1.101480 0.003170 0.127242
v 1.100379 -0.000333 0.129716
v 1.099453 -0.002992 0.131730
v 1.111142 0.026287 0.116409
v 1.121197 0.028110 0.146775
v 1.123482 0.027862 0.145195
v 1.097635 -0.001554 0.133819
v 1.096550 0.003431 0.133930
v 1.096201 0.008908 0.132898
v 1.096969 0.013689 0.130540
v 1.097577 0.017800 0.128403
v 1.098870 0.021466 0.127243
v 1.107129 0.028905 0.134846
v 1.109863 0.028789 0.139767
v 1.113467 0.028631 0.143556
v 1.117154 0.028423 0.146154
v 1.096315 0.006148 0.133503
v 1.111572 0.026830 0.116849
v 1.122260 0.027757 0.140103
v 1.119889 0.027831 0.136445
v 1.118309 0.027795 0.131384
v 1.114976 0.029036 0.126212
v 1.112524 0.029049 0.122324
v 1.111705 0.027645 0.118245
v 1.105511 0.020945 0.114153
v 1.108952 0.024656 0.116382
v 1.096937 0.000745 0.134139
v 1.098682 -0.003471 0.132917
v 1.103286 0.019224 0.115968
v 1.102323 0.016243 0.118041
v 1.103605 0.010168 0.121400
v 1.102427 0.005903 0.125195
v 1.101356 0.002257 0.127672
v 1.100103 -0.000856 0.130248
v 1.099602 -0.002261 0.131324
v 1.111071 0.026089 0.116127
v 1.122783 0.027977 0.146767
v 1.123046 0.027867 0.144374
v 1.096410 0.011430 0.131921
v 1.097313 0.015820 0.129364
v 1.098057 0.019705 0.127657
v 1.099509 0.022767 0.127396
v 1.103933 0.028071 0.130216
v 1.105823 0.028956 0.133009
v 1.108507 0.028815 0.137071
v 1.111523 0.028733 0.141927
v 1.115342 0.028528 0.144966
v 1.122511 0.027826 0.142348
v 1.121368 0.027762 0.138148
v 1.118889 0.027846 0.134233
v 1.116974 0.028355 0.128572
v 1.113475 0.029280 0.124053
v 1.111915 0.028484 0.120358
v 1.110323 0.025479 0.116015
v 1.107979 0.023711 0.115942
v 1.104562 0.020444 0.114966
v 1.102545 0.017795 0.116998
v 1.102633 0.013675 0.119481
v 1.103481 0.007577 0.123297
v 1.101697 0.004139 0.126677
v 1.100703 0.000139 0.129100
v 1.099324 -0.003713 0.132106
v 1.111211 0.026484 0.116691
v 1.119608 0.028245 0.146788
v 1.123922 0.027854 0.145987
v 1.098227 0.000269 0.132507
v 1.098414 -0.001077 0.132624
v 1.098936 -0.002033 0.132172
v 1.098803 -0.002754 0.132553
v 1.098544 0.000899 0.131901
v 1.098884 0.001549 0.131255
v 1.098707 0.002912 0.131120
v 1.099029 0.007681 0.129361
v 1.099117 0.006352 0.129606
v 1.098898 0.005355 0.130181
v 1.098975 0.003961 0.130461
v 1.099285 0.008763 0.128715
v 1.099817 0.009627 0.127750
v 1.103596 0.008954 0.122763
v 1.100490 0.013092 0.125400
v 1.100095 0.010743 0.127065
v 1.100251 0.016858 0.123524
v 1.100170 0.015828 0.124012
v 1.100302 0.014264 0.124719
v 1.100360 0.017815 0.123166
v 1.100839 0.019500 0.122393
v 1.101213 0.020183 0.122033
v 1.104037 0.024024 0.122290
v 1.103742 0.023580 0.121958
v 1.105099 0.021778 0.116297
v 1.105926 0.022195 0.115930
v 1.104826 0.024976 0.122887
v 1.106296 0.026293 0.123146
v 1.105802 0.025906 0.123118
v 1.105642 0.021655 0.115287
v 1.109406 0.029090 0.128035
v 1.108916 0.029005 0.127349
v 1.108548 0.028819 0.126559
v 1.108067 0.028524 0.125923
v 1.105679 0.021254 0.114462
v 1.105908 0.021218 0.114085
v 1.111982 0.028587 0.131862
v 1.111306 0.028882 0.130792
v 1.110401 0.029053 0.129747
v 1.109771 0.029094 0.128816
v 1.110394 0.025674 0.116291
v 1.109783 0.025454 0.116739
v 1.110468 0.025872 0.116569
v 1.111507 0.026978 0.117223
v 1.110050 0.026634 0.118643
v 1.114877 0.028325 0.138378
v 1.114221 0.028335 0.137092
v 1.113909 0.028308 0.135637
v 1.113253 0.028312 0.134304
v 1.110042 0.026199 0.117810
v 1.115822 0.028269 0.139127
v 1.119330 0.028138 0.143446
v 1.118440 0.028181 0.142768
v 1.117555 0.028181 0.140790
v 1.116569 0.028234 0.139980
v 1.121498 0.027788 0.139198
v 1.121898 0.027995 0.145197
v 1.120312 0.028129 0.145209
v 1.119404 0.028182 0.144616
v 1.122336 0.027987 0.145994
v 1.117413 0.027947 0.130404
v 1.097377 -0.001075 0.134041
v 1.096459 0.004100 0.133870
v 1.096169 0.009600 0.132752
v 1.097092 0.014258 0.130188
v 1.097664 0.018294 0.128158
v 1.099095 0.021885 0.127178
v 1.103305 0.027584 0.129597
v 1.104976 0.028731 0.131766
v 1.107462 0.028894 0.135286
v 1.110205 0.028786 0.140438
v 1.113946 0.028607 0.143970
v 1.117600 0.028398 0.146461
v 1.096287 0.006838 0.133351
v 1.122193 0.027743 0.139565
v 1.119532 0.027848 0.136028
v 1.118152 0.027844 0.130622
v 1.114470 0.029147 0.125608
v 1.112289 0.028927 0.121920
v 1.111726 0.027487 0.117897
v 1.108611 0.024456 0.116482
v 1.107248 0.022347 0.114343
v 1.106208 0.021588 0.114351
v 1.096835 0.001417 0.134094
v 1.098420 -0.002992 0.133142
v 1.103029 0.018873 0.116265
v 1.102317 0.015838 0.118338
v 1.103792 0.009320 0.121849
v 1.102171 0.005488 0.125659
v 1.101389 0.001671 0.127791
v 1.099933 -0.001189 0.130574
v 1.099682 -0.001890 0.131112
v 1.123576 0.027910 0.146763
v 1.122829 0.027868 0.143951
v 1.096549 0.011996 0.131577
v 1.097379 0.016313 0.129135
v 1.098236 0.020156 0.127536
v 1.100792 0.024819 0.128846
v 1.102420 0.026828 0.129418
v 1.106142 0.028966 0.133473
v 1.108851 0.028797 0.137746
v 1.112014 0.028707 0.142331
v 1.115797 0.028501 0.145260
v 1.122453 0.027807 0.141773
v 1.120993 0.027778 0.137714
v 1.118744 0.027834 0.133529
v 1.116475 0.028556 0.127969
v 1.113234 0.029265 0.123600
v 1.111856 0.028302 0.119816
v 1.106124 0.021265 0.113881
v 1.107833 0.023439 0.115622
v 1.106718 0.021866 0.114164
v 1.104197 0.020190 0.115183
v 1.102454 0.017422 0.117233
v 1.102829 0.012814 0.119925
v 1.103214 0.007162 0.123775
v 1.101588 0.003659 0.126958
v 1.100553 0.000030 0.129376
v 1.111993 0.027264 0.117090
v 1.099386 -0.003353 0.131921
v 1.120402 0.028177 0.146781
v 1.123701 0.027858 0.145595
v 1.097479 0.001178 0.133281
v 1.099082 -0.001305 0.131771
v 1.099345 -0.001782 0.131544
v 1.098481 -0.002634 0.132961
v 1.097624 0.001487 0.132998
v 1.097776 0.001798 0.132703
v 1.097517 0.003821 0.132500
v 1.097582 0.008977 0.130989
v 1.100514 0.005712 0.127867
v 1.097587 0.006424 0.131684
v 1.100237 0.003583 0.128832
v 1.097985 0.010650 0.129978
v 1.098254 0.011090 0.129490
v 1.103271 0.007815 0.123519
v 1.098980 0.013926 0.127693
v 1.101520 0.008716 0.125669
v 1.099323 0.017565 0.125991
v 1.100514 0.016098 0.120820
v 1.099102 0.015404 0.126967
v 1.099560 0.018957 0.125441
v 1.100463 0.021018 0.124668
v 1.101909 0.023589 0.124937
v 1.105977 0.023988 0.119335
v 1.106680 0.023011 0.116436
v 1.107098 0.023223 0.116251
v 1.102899 0.025166 0.125810
v 1.105070 0.027263 0.126503
v 1.107035 0.025031 0.119833
v 1.104690 0.020832 0.115309
v 1.107082 0.022620 0.115107
v 1.110912 0.029314 0.124880
v 1.106500 0.028560 0.128933
v 1.110049 0.028672 0.123492
v 1.105835 0.020983 0.113757
v 1.109905 0.028634 0.133819
v 1.113567 0.029319 0.128742
v 1.108459 0.028744 0.132045
v 1.111810 0.029534 0.126512
v 1.110007 0.025360 0.116238
v 1.109024 0.024849 0.116654
v 1.110878 0.026279 0.116770
v 1.111761 0.027194 0.117281
v 1.110960 0.027828 0.119865
v 1.112717 0.028554 0.139748
v 1.116709 0.028103 0.136376
v 1.111554 0.028550 0.137031
v 1.115922 0.028068 0.133568
v 1.109159 0.025220 0.117181
v 1.114169 0.028472 0.140915
v 1.117778 0.028311 0.144537
v 1.120411 0.027989 0.142023
v 1.116018 0.028378 0.142573
v 1.118594 0.028016 0.138638
v 1.121945 0.027786 0.140179
v 1.121543 0.028054 0.145998
v 1.121463 0.028000 0.144380
v 1.121008 0.028026 0.144084
v 1.122908 0.027925 0.145597
v 1.116707 0.028315 0.128907
v 1.097896 -0.002034 0.133594
v 1.096641 0.002761 0.133990
v 1.096229 0.008218 0.133049
v 1.096828 0.013125 0.130886
v 1.097509 0.017304 0.128657
v 1.098647 0.021039 0.127324
v 1.101188 0.025331 0.129078
v 1.102857 0.027231 0.129486
v 1.106798 0.028918 0.134401
v 1.109524 0.028792 0.139094
v 1.112988 0.028656 0.143142
v 1.116703 0.028449 0.145854
v 1.096341 0.005459 0.133657
v 1.122326 0.027773 0.140649
v 1.120252 0.027813 0.136864
v 1.118451 0.027809 0.132100
v 1.115478 0.028894 0.126803
v 1.112758 0.029148 0.122737
v 1.111789 0.027896 0.118848
v 1.109294 0.024858 0.116285
v 1.107544 0.022894 0.114980
v 1.106463 0.021727 0.114258
v 1.097036 0.000073 0.134190
v 1.098942 -0.003950 0.132692
v 1.103572 0.019556 0.115692
v 1.102346 0.016644 0.117756
v 1.103357 0.011052 0.120910
v 1.102687 0.006322 0.124726
v 1.101394 0.002744 0.127470
v 1.100270 -0.000521 0.129925
v 1.099526 -0.002628 0.131530
v 1.121990 0.028043 0.146770
v 1.123263 0.027865 0.144789
v 1.096273 0.010862 0.132264
v 1.097251 0.015326 0.129594
v 1.097904 0.019246 0.127792
v 1.105509 0.028903 0.132554
v 1.108149 0.028851 0.136399
v 1.111034 0.028758 0.141520
v 1.114885 0.028555 0.144673
v 1.122564 0.027847 0.142932
v 1.121747 0.027745 0.138588
v 1.119035 0.027856 0.134928
v 1.117470 0.028180 0.129176
v 1.113717 0.029265 0.124518
v 1.111979 0.028647 0.120923
v 1.110666 0.025690 0.115932
v 1.108126 0.023985 0.116262
v 1.106973 0.022005 0.114071
v 1.104925 0.020704 0.114749
v 1.102658 0.018156 0.116780
v 1.102465 0.014549 0.119053
v 1.103749 0.008008 0.122813
v 1.101807 0.004611 0.126397
v 1.100868 0.000280 0.128801
v 1.099263 -0.004071 0.132287
v 1.118816 0.028311 0.146792
v 1.124146 0.027849 0.146374
v 1.098997 -0.000628 0.131701
v 1.097770 -0.000838 0.133437
v 1.098543 -0.002275 0.132777
v 1.099127 -0.002874 0.132144
v 1.099471 0.000333 0.130786
v 1.099985 0.001352 0.129797
v 1.099852 0.002003 0.129802
v 1.100473 0.006371 0.127743
v 1.097706 0.006937 0.131380
v 1.100182 0.004252 0.128724
v 1.097669 0.004336 0.132149
v 1.100596 0.006904 0.127428
v 1.101382 0.008189 0.126001
v 1.103419 0.010404 0.121636
v 1.100985 0.012977 0.122338
v 1.098670 0.012781 0.128458
v 1.100570 0.016653 0.120585
v 1.099143 0.016101 0.126690
v 1.100798 0.013609 0.121939
v 1.100644 0.017162 0.120426
v 1.100947 0.018262 0.119734
v 1.101101 0.018752 0.119629
v 1.101683 0.019731 0.119143
v 1.100080 0.023655 0.128040
v 1.106141 0.024193 0.119495
v 1.101547 0.022803 0.124459
v 1.103706 0.020338 0.116257
v 1.104798 0.021141 0.115609
v 1.106547 0.024624 0.119745
v 1.107282 0.025211 0.119830
v 1.104300 0.026631 0.126329
v 1.106662 0.022407 0.115294
v 1.105870 0.021532 0.114723
v 1.111172 0.029409 0.125223
v 1.110301 0.028856 0.123779
v 1.113919 0.029181 0.129269
v 1.108913 0.028714 0.132508
v 1.112152 0.029541 0.127040
v 1.107496 0.028798 0.130715
v 1.110540 0.026070 0.116849
v 1.111830 0.027050 0.116909
v 1.109173 0.025445 0.117597
v 1.117033 0.028096 0.137002
v 1.111709 0.028565 0.137765
v 1.116241 0.028065 0.134220
v 1.110545 0.028559 0.135015
v 1.110889 0.027168 0.118476
v 1.117497 0.028067 0.137370
v 1.120869 0.027963 0.142328
v 1.116432 0.028386 0.143611
v 1.119081 0.027986 0.139014
v 1.114548 0.028456 0.141356
v 1.121053 0.027791 0.138231
v 1.122256 0.027933 0.144372
v 1.119162 0.028255 0.146016
v 1.117827 0.028328 0.145080
v 1.121766 0.028049 0.146385
v 1.118024 0.027829 0.131659
v 1.112630 0.028366 0.133108
v 1.114697 0.028257 0.131067
v 1.115353 0.028073 0.132395
v 1.117205 0.028123 0.129520
v 1.117693 0.027949 0.130107
v 1.117877 0.027831 0.130927
v 1.113087 0.029452 0.128153
v 1.110850 0.028999 0.130247
v 1.112617 0.029514 0.127595
v 1.121878 0.027772 0.139645
v 1.121432 0.027775 0.138671
v 1.121812 0.027758 0.139114
v 1.111513 0.027211 0.117663
v 1.120915 0.027987 0.142943
v 1.120960 0.028008 0.143527
v 1.119366 0.028161 0.144043
v 1.122116 0.027991 0.145599
v 1.122473 0.027931 0.144786
v 1.122690 0.027928 0.145195
v 1.122559 0.027982 0.146382
v 1.123129 0.027921 0.145991
v 1.123352 0.027916 0.146379
v 1.119859 0.028155 0.144911
v 1.118715 0.028280 0.145708
v 1.118277 0.028302 0.145383
v 1.121106 0.028062 0.145202
v 1.120750 0.028121 0.146003
v 1.119956 0.028188 0.146009
v 1.119525 0.027982 0.139967
v 1.119974 0.027981 0.140959
v 1.117999 0.028180 0.141771
v 1.117062 0.028207 0.140378
v 1.115530 0.028404 0.142165
v 1.115038 0.028431 0.141764
v 1.118893 0.028156 0.143082
v 1.117329 0.028336 0.144229
v 1.116881 0.028360 0.143918
v 1.115347 0.028298 0.138756
v 1.113679 0.028500 0.140525
v 1.113194 0.028527 0.140137
v 1.110906 0.027392 0.118925
v 1.110929 0.027610 0.119385
v 1.110046 0.026417 0.118227
v 1.110778 0.026806 0.117933
v 1.109918 0.025830 0.117274
v 1.110664 0.026442 0.117392
v 1.116405 0.028078 0.134951
v 1.116559 0.028091 0.135669
v 1.114069 0.028322 0.136368
v 1.113579 0.028310 0.134970
v 1.111223 0.028552 0.136360
v 1.110885 0.028555 0.135687
v 1.114547 0.028331 0.137739
v 1.112379 0.028559 0.139094
v 1.112043 0.028562 0.138432
v 1.109128 0.027658 0.122082
v 1.107188 0.027567 0.124399
v 1.108158 0.026391 0.120839
v 1.112068 0.027129 0.116726
v 1.110807 0.026082 0.116489
v 1.110126 0.025662 0.116652
v 1.109365 0.025051 0.116558
v 1.109707 0.025255 0.116465
v 1.110736 0.025885 0.116209
v 1.107270 0.022551 0.114707
v 1.106992 0.022207 0.114437
v 1.107011 0.022410 0.114802
v 1.106736 0.022068 0.114530
v 1.106678 0.022207 0.114883
v 1.106275 0.021796 0.114658
v 1.110707 0.029183 0.124499
v 1.110504 0.029027 0.124137
v 1.111385 0.029478 0.125645
v 1.111600 0.029512 0.126084
v 1.109588 0.029102 0.128429
v 1.110084 0.029078 0.129284
v 1.108133 0.028762 0.131609
v 1.107812 0.028778 0.131171
v 1.111642 0.028744 0.131325
v 1.109572 0.028669 0.133382
v 1.109242 0.028691 0.132945
v 1.106065 0.020945 0.113381
v 1.106069 0.028299 0.128284
v 1.107100 0.028781 0.130008
v 1.106809 0.022680 0.115611
v 1.106955 0.022952 0.115930
v 1.105783 0.021925 0.115609
v 1.106054 0.021863 0.115104
v 1.105068 0.021082 0.115103
v 1.105460 0.021320 0.114907
v 1.103355 0.025646 0.125985
v 1.105304 0.025431 0.122994
v 1.103830 0.026128 0.126163
v 1.106048 0.026101 0.123131
v 1.104813 0.027063 0.126435
v 1.104553 0.026853 0.126376
v 1.104426 0.024507 0.122588
v 1.102556 0.024640 0.125521
v 1.102228 0.024113 0.125229
v 1.102033 0.026280 0.129302
v 1.105512 0.021986 0.116114
v 1.104054 0.020630 0.116029
v 1.104421 0.020888 0.115815
v 1.104422 0.022755 0.119176
v 1.102311 0.022025 0.121819
v 1.102946 0.021299 0.119065
v 1.103890 0.023802 0.122123
v 1.101783 0.023333 0.124765
v 1.101663 0.023069 0.124604
v 1.100499 0.024328 0.128556
v 1.101459 0.019426 0.119282
v 1.101267 0.019096 0.119446
v 1.100670 0.019020 0.122508
v 1.100068 0.020212 0.124958
v 1.099890 0.019728 0.125092
v 1.100834 0.017897 0.119958
v 1.100448 0.018162 0.122913
v 1.100729 0.017533 0.120184
v 1.100303 0.017332 0.123348
v 1.099444 0.018494 0.125613
v 1.099373 0.018029 0.125802
v 1.099957 0.010180 0.127408
v 1.098532 0.012216 0.128802
v 1.098394 0.011650 0.129145
v 1.100630 0.014464 0.121514
v 1.100528 0.015298 0.121136
v 1.100198 0.015069 0.124338
v 1.100404 0.013668 0.125066
v 1.099047 0.014913 0.127202
v 1.099010 0.014420 0.127446
v 1.100203 0.016346 0.123764
v 1.099259 0.017079 0.126222
v 1.099200 0.016590 0.126455
v 1.101825 0.011205 0.123903
v 1.100418 0.011886 0.126306
v 1.101846 0.009848 0.124914
v 1.103625 0.009544 0.122099
v 1.103539 0.008257 0.123032
v 1.103753 0.008736 0.122504
v 1.099550 0.009193 0.128234
v 1.100855 0.007334 0.126956
v 1.101118 0.007771 0.126477
v 1.098850 0.003441 0.130778
v 1.099983 0.002529 0.129474
v 1.100118 0.003063 0.129141
v 1.099154 0.008219 0.129043
v 1.097847 0.010093 0.130319
v 1.097712 0.009534 0.130657
v 1.100292 0.004747 0.128436
v 1.100402 0.005233 0.128152
v 1.099008 0.005858 0.129892
v 1.098941 0.004662 0.130314
v 1.097665 0.005039 0.131961
v 1.099071 0.007022 0.129484
v 1.097621 0.008306 0.131119
v 1.097664 0.007626 0.131247
v 1.098798 0.002231 0.131184
v 1.097604 0.003146 0.132567
v 1.097686 0.002471 0.132640
v 1.099270 -0.002148 0.131748
v 1.098867 -0.002395 0.132366
v 1.099196 -0.002512 0.131950
v 1.098713 0.001221 0.131580
v 1.099642 0.000666 0.130459
v 1.099816 0.001008 0.130126
v 1.098380 0.000581 0.132213
v 1.099154 -0.000310 0.131399
v 1.099310 0.000008 0.131098
v 1.099063 -0.003234 0.132330
v 1.098742 -0.003113 0.132736
v 1.099002 -0.003592 0.132512
v 1.098676 -0.001555 0.132397
v 1.098019 -0.001317 0.133229
v 1.098281 -0.001796 0.133003
v 1.098327 -0.000402 0.132556
v 1.097588 0.000506 0.133316
v 1.097696 -0.000165 0.133352
v 1.116192 0.028251 0.139548
v 1.117856 0.028050 0.137787
v 1.118222 0.028033 0.138209
vn -0.7127 -0.2913 0.6382
vn 0.5451 -0.7358 0.4018
vn -0.4935 -0.1301 0.8599
vn -0.5646 -0.0354 0.8246
vn -0.1308 -0.9887 -0.0726
vn 0.4443 -0.3817 0.8105
vn 0.5818 -0.7307 0.3573
vn -0.7583 -0.5641 0.3266
vn 0.0421 0.8785 -0.4759
vn 0.7677 -0.3424 0.5416
vn -0.5448 0.5078 -0.6673
vn -0.3910 -0.5338 -0.7498
vn 0.0091 -0.6366 -0.7711
vn 0.8986 -0.4225 -0.1184
vn 0.4153 -0.7352 -0.5358
vn 0.0316 0.6295 0.7764
vn -0.2679 0.7746 -0.5730
vn -0.0855 -0.9958 0.0329
vn -0.5661 -0.0912 0.8193
vn 0.0578 -0.6831 -0.7280
vn -0.7422 0.3246 -0.5864
vn 0.6981 -0.6176 -0.3623
vn -0.8801 -0.3868 0.2753
vn -0.7078 0.5031 -0.4958
vn 0.9676 -0.0263 0.2510
vn -0.4987 0.7824 -0.3731
vn -0.6132 0.4311 -0.6619
vn 0.4251 0.9049 0.0211
vn -0.7901 -0.5297 0.3085
vn -0.7634 0.6421 0.0703
vn -0.5667 0.0818 0.8199
vn 0.7031 -0.6886 -0.1776
vn 0.3486 -0.6042 0.7165
vn 0.9385 -0.3040 0.1639
vn 0.1093 -0.8733 0.4747
vn 0.4364 -0.1968 0.8779
vn 0.6123 0.5463 -0.5715
vn 0.5682 -0.1385 0.8112
vn 0.9411 -0.0988 0.3233
vn 0.2649 0.5417 0.7977
vn -0.6998 0.5878 -0.4059
vn -0.7911 -0.5290 0.3071
vn -0.5898 -0.4477 -0.6721
vn -0.7941 0.5985 0.1061
vn -0.9945 0.1051 0.0005
vn -0.1790 0.3718 0.9109
vn 0.8608 0.2920 0.4168
vn -0.9762 -0.0616 0.2080
vn 0.4484 -0.8826 -0.1416
vn -0.7613 -0.6019 0.2411
vn -0.7061 -0.7070 0.0407
vn -0.2000 -0.7857 -0.5854
vn 0.3959 -0.6611 0.6373
vn 0.3750 -0.8281 0.4166
vn 0.0345 0.4083 0.9122
vn 0.6061 -0.4300 0.6691
vn 0.5452 -0.3755 0.7496
vn 0.3448 0.5895 0.7305
vn 0.1263 0.1927 0.9731
vn 0.3107 -0.9503 0.0195
vn 0.6730 -0.7336 -0.0947
vn 0.6338 0.7200 0.2826
vn -0.6880 -0.1471 0.7106
vn -0.6854 -0.1534 0.7119
vn -0.0834 -0.9958 0.0378
vn -0.9595 0.2363 0.1536
vn -0.5395 -0.5867 0.6039
vn -0.8973 0.1655 -0.4093
vn -0.3802 -0.5728 -0.7262
vn -0.3528 -0.9261 -0.1337
vn -0.6913 -0.7206 0.0532
vn 0.2805 -0.9109 -0.3026
vn 0.3680 -0.8647 0.3418
vn 0.2198 -0.9729 -0.0717
vn -0.7659 0.2720 -0.5826
vn -0.4685 0.8443 -0.2601
vn 0.8327 -0.5467 -0.0883
vn 0.8161 -0.5741 -0.0668
vn 0.4728 0.8777 0.0788
vn 0.8044 0.1607 0.5720
vn 0.7133 0.6999 0.0375
vn 0.7608 0.5986 0.2507
vn 0.5029 0.1501 0.8512
vn -0.0659 0.5251 0.8485
vn -0.8722 -0.3930 0.2912
vn -0.0788 0.3954 0.9151
vn -0.1027 0.4747 0.8742
vn -0.7921 0.6004 0.1099
vn -0.3912 -0.5351 -0.7488
vn -0.6159 -0.4111 -0.6721
vn -0.5284 0.8462 -0.0681
vn 0.5463 -0.7444 0.3839
vn -0.0466 0.5702 0.8202
vn -0.7190 0.1473 0.6792
vn 0.4798 -0.0250 0.8770
vn -0.2404 0.9178 -0.3160
vn 0.5875 -0.7833 0.2030
vn 0.6299 0.7291 0.2679
vn 0.7338 -0.4253 0.5298
vn -0.1444 0.4803 0.8652
vn 0.8910 0.4364 0.1253
vn 0.5330 0.8052 -0.2599
vn 0.2707 0.8617 -0.4291
vn -0.3704 0.6934 -0.6181
vn -0.4314 0.6105 -0.6642
vn -0.4800 -0.1574 -0.8630
vn 0.7326 0.6115 0.2990
vn 0.3789 -0.7011 -0.6040
vn 0.6105 -0.6334 -0.4756
vn 0.7970 0.1609 0.5821
vn 0.8720 0.4759 -0.1143
vn -0.6905 0.6586 -0.2991
vn 0.1271 0.8047 -0.5800
vn 0.3839 0.8270 -0.4106
vn 0.9825 -0.0031 0.1863
vn 0.0876 -0.9877 -0.1293
vn 0.9733 -0.2057 0.1020
vn 0.8832 0.4528 0.1226
vn -0.6812 -0.7175 0.1452
vn 0.1109 -0.1993 -0.9737
vn -0.4758 0.1731 0.8624
vn -0.6863 0.0917 0.7215
vn -0.6380 0.0792 0.7659
vn 0.2056 0.4320 0.8781
vn 0.7634 -0.3128 0.5652
vn -0.8610 -0.2144 0.4612
vn -0.6819 0.7021 -0.2052
vn -0.6599 -0.2928 0.6920
vn -0.7012 -0.2386 0.6719
vn -0.0061 0.6058 0.7956
vn -0.0756 0.8120 0.5788
vn -0.3801 -0.1947 0.9042
vn -0.3476 0.1389 0.9273
vn -0.5747 -0.6138 -0.5413
vn -0.0854 -0.7015 0.7075
vn -0.3944 -0.8825 0.2563
vn -0.3481 -0.5851 0.7324
vn -0.4196 -0.3135 0.8518
vn 0.3706 0.9168 0.1488
vn -0.7533 0.6523 0.0838
vn -0.1787 -0.0264 0.9836
vn -0.1915 0.1834 0.9642
vn -0.0706 0.1153 0.9908
vn 0.0343 0.1546 0.9874
vn 0.9540 -0.2583 0.1521
vn -0.5762 0.6902 -0.4377
vn -0.5388 -0.5792 0.6117
vn -0.7311 -0.5789 0.3610
vn -0.5190 -0.8192 -0.2441
vn -0.6096 -0.7904 0.0608
vn 0.6094 0.7891 -0.0767
vn -0.0641 0.3993 0.9146
vn -0.4175 0.7140 0.5621
vn -0.5006 -0.6547 -0.5664
vn -0.6293 0.5896 -0.5064
vn -0.3251 -0.7913 0.5178
vn -0.8567 0.2489 -0.4518
vn 0.2798 -0.9348 -0.2187
vn -0.1067 -0.4832 -0.8690
vn -0.4946 0.8393 -0.2258
vn 0.6592 0.6379 0.3982
vn 0.6686 -0.7422 -0.0471
vn 0.5490 -0.7425 0.3838
vn -0.3924 0.8205 -0.4157
vn -0.0792 -0.9958 0.0455
vn -0.4200 0.6851 -0.5952
vn -0.8353 0.2314 -0.4987
vn 0.9079 0.1674 -0.3844
vn 0.4926 -0.2210 -0.8417
vn 0.8785 0.4646 -0.1113
vn 0.0606 -0.9716 0.2287
vn 0.3165 -0.8494 -0.4223
vn 0.5856 -0.7934 0.1660
vn 0.8180 -0.5443 -0.1860
vn -0.8633 0.3710 -0.3422
vn -0.8505 0.0458 -0.5240
vn -0.2961 0.8529 -0.4299
vn -0.5497 0.7119 -0.4371
vn -0.3129 0.9352 -0.1657
vn 0.8725 0.0969 0.4790
vn 0.3794 -0.9125 -0.1531
vn -0.5895 0.4465 0.6732
vn 0.7178 0.1313 0.6837
vn 0.9775 0.1795 0.1111
vn 0.0847 -0.9946 -0.0604
vn 0.7086 -0.5383 -0.4563
vn -0.0839 -0.9959 0.0347
vn -0.4776 0.6458 -0.5956
vn -0.2269 0.9586 -0.1720
vn 0.8689 0.3496 0.3505
vn -0.6010 0.7370 0.3092
vn 0.3256 0.6265 0.7082
vn 0.5485 -0.7421 0.3851
vn 0.7194 -0.5576 0.4141
vn 0.1088 0.3636 0.9252
vn 0.6341 -0.7729 0.0228
vn -0.5633 0.6386 -0.5243
vn 0.3665 -0.5317 0.7635
vn -0.9601 0.1606 -0.2288
vn -0.9512 0.1745 -0.2543
vn 0.1061 -0.8635 0.4931
vn -0.1258 -0.9860 -0.1097
vn 0.4306 0.1103 0.8958
vn -0.1364 -0.7159 0.6848
vn -0.5743 0.8008 -0.1700
vn 0.7375 0.6699 0.0863
vn 0.7377 -0.3838 0.5554
vn -0.0838 -0.9957 0.0406
vn 0.5630 -0.8021 0.1992
vn -0.0826 -0.9203 0.3825
vn 0.7655 0.0254 0.6430
vn 0.5179 -0.8518 -0.0782
vn 0.1323 0.4759 0.8695
vn 0.0552 0.7604 -0.6472
vn 0.9761 0.0808 0.2016
vn 0.3297 0.9301 -0.1619
vn -0.1846 0.9480 -0.2591
vn -0.0807 0.9886 -0.1275
vn -0.6603 -0.6041 0.4461
vn -0.5802 -0.4388 -0.6862
vn -0.6890 0.4999 -0.5247
vn 0.9278 -0.3728 0.0126
vn 0.3137 -0.9495 0.0030
vn 0.6877 0.6959 0.2067
vn 0.9060 -0.0991 -0.4116
vn -0.0589 -0.9711 -0.2314
vn 0.9065 -0.4040 0.1229
vn 0.8333 -0.5506 0.0492
vn 0.7974 0.1606 0.5817
vn -0.8536 0.4430 -0.2740
vn 0.8679 -0.4184 0.2679
vn 0.5051 -0.8282 -0.2427
vn -0.6053 0.3833 0.6977
vn 0.7899 0.2541 0.5581
vn -0.2284 0.9377 -0.2617
vn -0.3526 0.8820 -0.3127
vn 0.5794 0.8123 -0.0665
vn -0.0461 0.5644 0.8242
vn -0.4092 0.6689 -0.6206
vn -0.4322 0.7666 -0.4748
vn -0.5689 0.0415 0.8213
vn -0.7329 0.4732 -0.4889
vn -0.7637 0.3865 -0.5172
vn 0.1031 -0.8941 -0.4358
vn -0.5200 -0.0446 0.8530
vn -0.4942 -0.6892 -0.5299
vn 0.8798 -0.4683 0.0815
vn 0.7730 -0.6042 -0.1935
vn -0.8208 -0.5147 0.2476
vn -0.0326 -0.9052 0.4237
vn 0.7974 0.1609 0.5816
vn -0.4549 -0.7052 -0.5438
vn -0.5705 0.0776 -0.8176
vn 0.3098 -0.4386 -0.8436
vn -0.6607 0.1755 -0.7299
vn -0.0068 0.8963 -0.4433
vn 0.7966 0.1614 0.5826
vn -0.2741 0.5761 -0.7701
vn -0.5804 -0.0185 0.8141
vn -0.5220 0.7833 -0.3375
vn -0.9355 0.2302 -0.2681
vn 0.7700 -0.2101 0.6025
vn -0.6170 0.4544 -0.6425
vn -0.3315 0.9237 -0.1919
vn -0.5768 0.1273 0.8069
vn 0.5034 0.0738 -0.8609
vn 0.5932 -0.6959 0.4047
vn 0.7972 0.1610 0.5819
vn 0.9823 -0.0026 0.1872
vn -0.0848 -0.9963 0.0124
vn 0.5445 -0.7437 0.3878
vn 0.7976 0.1603 0.5815
vn 0.6071 -0.7885 -0.0984
vn 0.2065 -0.7916 0.5751
vn 0.9563 -0.0454 -0.2890
vn -0.0957 -0.9954 0.0004
vn -0.0885 -0.9248 0.3700
vn 0.5298 0.8470 0.0435
vn 0.4253 -0.5819 0.6932
vn 0.0951 -0.9561 -0.2772
vn 0.6973 -0.6465 0.3095
vn 0.0647 0.4049 0.9121
vn -0.1339 -0.9910 0.0094
vn -0.0964 0.9922 0.0794
vn 0.0680 -0.9864 -0.1496
vn -0.0230 0.3021 0.9530
vn 0.7171 0.5451 0.4344
vn -0.7877 -0.5151 0.3379
vn 0.2211 -0.6685 0.7101
vn 0.4970 -0.8416 0.2115
vn 0.7972 0.1588 0.5825
vn -0.1815 -0.7872 -0.5893
vn 0.7083 0.4658 0.5304
vn 0.6908 -0.6902 -0.2152
vn -0.9310 0.2327 -0.2813
vn -0.6109 -0.7913 0.0254
vn 0.6534 -0.7170 -0.2428
vn -0.8519 -0.2926 0.4344
vn -0.1982 0.6163 -0.7622
vn -0.3613 0.8419 -0.4009
vn -0.9307 0.2357 -0.2795
vn 0.6465 0.7127 0.2723
vn 0.5927 0.7860 -0.1756
vn 0.8228 -0.5592 -0.1016
vn -0.0303 -0.8486 0.5282
vn -0.1513 -0.9705 -0.1878
vn -0.8201 -0.5254 0.2265
vn -0.3230 0.9009 -0.2898
vn -0.8081 0.3782 -0.4516
vn 0.5730 -0.0335 0.8188
vn 0.9340 0.0616 0.3518
vn 0.8259 -0.5550 0.0991
vn -0.0825 -0.9959 0.0369
vn 0.4931 -0.7935 0.3568
vn 0.7604 -0.6493 -0.0143
vn -0.7301 -0.2602 0.6318
vn 0.5665 -0.7243 0.3931
vn -0.4788 -0.6788 -0.5567
vn -0.8124 0.4572 -0.3619
vn -0.0814 -0.9960 0.0368
vn 0.7887 -0.6063 -0.1015
vn -0.0818 -0.9960 0.0370
vn 0.7971 0.1587 0.5827
vn 0.9232 0.0836 0.3752
vn -0.0910 -0.9956 0.0204
vn -0.0825 -0.9960 0.0342
vn -0.0827 -0.9959 0.0366
vn 0.7977 0.1613 0.5811
vn -0.3990 0.7511 -0.5260
vn -0.9298 -0.2965 0.2179
vn 0.7967 0.1599 0.5828
vn -0.0816 -0.9960 0.0369
vn 0.7976 0.1610 0.5812
vn 0.9709 -0.2278 0.0741
vn 0.0541 -0.9864 -0.1553
vn 0.9436 -0.1939 -0.2683
vn 0.3926 -0.9010 0.1849
vn 0.9483 -0.2106 -0.2373
vn 0.9325 -0.1326 0.3361
vn -0.4910 -0.8476 -0.2013
vn 0.7976 0.1519 0.5838
vn 0.6972 -0.3652 0.6169
vn 0.7936 0.1696 0.5843
vn 0.7965 0.1607 0.5829
vn 0.7978 0.1605 0.5811
vn 0.7995 0.1592 0.5792
vn 0.7965 0.1601 0.5830
vn 0.5485 -0.7424 0.3848
vn 0.7967 0.2530 0.5488
vn 0.7973 0.1594 0.5821
vn -0.6987 -0.4079 0.5877
vn -0.0860 -0.9957 0.0336
vn 0.7971 0.1588 0.5825
vn 0.7976 0.1580 0.5821
vn 0.7970 0.1593 0.5826
vn 0.9388 0.0387 0.3422
vn 0.8983 0.1037 0.4270
vn 0.5496 -0.7421 0.3836
vn 0.7400 -0.3992 0.5413
vn 0.8023 -0.1271 0.5832
vn 0.7465 -0.3899 0.5392
vn 0.8914 -0.4105 0.1919
vn 0.5478 -0.7404 0.3896
vn 0.5487 -0.7421 0.3850
vn 0.7673 -0.6205 0.1616
vn 0.5471 -0.7435 0.3845
vn 0.2054 -0.9533 0.2213
vn -0.0420 -0.9935 0.1057
vn -0.0821 -0.9964 0.0217
vn 0.9654 0.2330 0.1173
vn 0.5460 -0.7442 0.3846
vn 0.5476 -0.7433 0.3843
vn -0.1601 -0.3878 -0.9077
vn 0.3760 0.2849 0.8817
vn -0.6903 -0.3272 0.6454
vn 0.5451 -0.7439 0.3866
vn 0.5479 -0.7433 0.3839
vn 0.5311 -0.8363 0.1362
vn 0.6694 -0.6332 0.3884
vn -0.0784 -0.9959 0.0447
vn -0.0846 -0.9957 0.0372
vn -0.0854 -0.9956 0.0385
vn -0.0837 -0.9958 0.0367
vn -0.0827 -0.9959 0.0374
vn -0.0836 -0.9959 0.0349
vn -0.0825 -0.9957 0.0413
vn -0.0811 -0.9960 0.0376
vn -0.5425 0.7456 -0.3870
vn -0.0857 -0.9957 0.0340
vn 0.0215 -0.9975 -0.0677
vn -0.2190 -0.9681 -0.1216
vn -0.3083 -0.9445 -0.1135
vn -0.3189 -0.8920 -0.3205
vn -0.0812 -0.9961 0.0355
vn -0.1461 -0.9685 -0.2015
vn -0.0868 -0.9723 -0.2170
vn -0.1280 -0.9908 0.0439
vn -0.2711 -0.9601 -0.0692
vn 0.6089 -0.6951 0.3822
vn -0.1302 -0.9896 0.0610
vn -0.0838 -0.9958 0.0363
vn -0.0825 -0.9960 0.0352
vn -0.0837 -0.9959 0.0352
vn -0.0863 -0.9958 0.0319
vn -0.0835 -0.9955 0.0455
vn -0.0846 -0.9955 0.0425
vn -0.0832 -0.9959 0.0368
vn -0.0833 -0.9958 0.0379
vn -0.0838 -0.9959 0.0348
vn -0.0837 -0.9959 0.0358
vn -0.0836 -0.9959 0.0343
vn -0.0832 -0.9957 0.0403
vn -0.0828 -0.9958 0.0382
vn -0.0794 -0.9961 0.0387
vn -0.0833 -0.9958 0.0390
vn -0.0838 -0.9959 0.0347
vn -0.0837 -0.9959 0.0346
vn -0.0840 -0.9958 0.0366
vn -0.0841 -0.9958 0.0365
vn -0.0841 -0.9957 0.0397
vn 0.7972 0.1592 0.5824
vn -0.0839 -0.9957 0.0386
vn 0.9205 -0.3463 0.1810
vn -0.0848 -0.9957 0.0378
vn -0.0814 -0.9959 0.0388
vn -0.0836 -0.9956 0.0423
vn -0.2440 0.2240 0.9436
vn -0.0824 -0.9959 0.0365
vn -0.0849 -0.9957 0.0357
vn -0.0851 -0.9958 0.0336
vn 0.5695 -0.7957 0.2062
vn 0.3706 -0.8458 0.3837
vn 0.5492 -0.7425 0.3834
vn 0.5486 -0.7429 0.3836
vn 0.5493 -0.7442 0.3799
vn 0.5486 -0.7426 0.3841
vn 0.5544 0.0560 -0.8304
vn -0.0839 -0.9959 0.0326
vn -0.0818 -0.9960 0.0349
vn -0.0850 -0.9958 0.0343
vn -0.0808 -0.9961 0.0368
vn -0.0812 -0.9960 0.0367
vn -0.0819 -0.9959 0.0371
vn -0.0828 -0.9959 0.0359
vn 0.5363 -0.7424 0.4016
vn -0.8826 0.2829 -0.3755
vn -0.5536 -0.0204 0.8325
vn 0.5491 -0.7426 0.3834
vn 0.5491 -0.7430 0.3826
vn 0.5486 -0.7433 0.3829
vn 0.5488 -0.7427 0.3836
vn 0.5469 -0.7437 0.3845
vn 0.5467 -0.7439 0.3843
vn 0.5472 -0.7338 0.4026
vn 0.5434 -0.7348 0.4058
vn 0.1593 -0.9562 0.2454
vn 0.3690 -0.9029 0.2204
vn 0.1649 -0.9858 -0.0310
vn 0.1794 -0.9837 -0.0113
vn -0.0787 -0.9929 0.0893
vn 0.0930 -0.9887 -0.1180
vn -0.0732 -0.9972 0.0172
vn -0.0569 -0.9984 -0.0046
vn -0.0878 -0.9960 0.0145
vn -0.1046 -0.9945 0.0016
vn 0.7693 -0.5994 -0.2213
vn 0.3191 -0.9288 0.1886
vn 0.5471 -0.7436 0.3842
vn 0.5818 -0.7307 0.3572
vn 0.5463 -0.7440 0.3848
vn 0.5537 -0.6989 0.4527
vn 0.6709 -0.6662 0.3259
vn 0.5747 -0.6998 0.4243
vn 0.5728 -0.7136 0.4032
vn 0.5458 -0.7403 0.3926
vn 0.5292 -0.7600 0.3773
vn 0.3652 -0.8749 0.3181
vn 0.5508 -0.7232 0.4166
vn 0.5628 -0.7288 0.3900
vn 0.6638 -0.6292 0.4044
vn 0.6614 -0.6433 0.3856
vn 0.5465 -0.7438 0.3847
vn 0.5578 -0.6329 0.5369
vn 0.8180 -0.5394 0.1998
vn 0.5575 -0.7488 0.3584
vn 0.8134 -0.4504 0.3682
vn 0.5914 -0.6985 0.4028
vn 0.6398 -0.6849 0.3486
vn 0.8306 -0.5135 0.2155
vn -0.0814 -0.9958 0.0409
vn 0.7614 -0.2988 0.5753
vn 0.9412 -0.2928 0.1682
vn 0.8234 -0.1508 0.5471
vn -0.0862 -0.9957 0.0335
vn 0.9671 -0.2087 0.1451
vn 0.9812 -0.1398 0.1331
vn 0.7993 0.1874 0.5710
vn 0.9902 -0.0718 0.1196
vn 0.9907 -0.0651 0.1192
vn -0.5246 0.5445 -0.6544
vn 0.7970 0.1590 0.5826
vn 0.9351 0.1029 0.3392
vn 0.3337 -0.8986 0.2849
vn 0.7191 0.4408 0.5373
vn 0.8084 0.1848 0.5588
vn 0.8519 0.3522 0.3877
vn 0.8018 0.1607 0.5756
vn 0.2616 -0.9595 0.1047
vn 0.8023 0.0600 0.5939
vn 0.7972 0.1595 0.5822
vn 0.8061 0.1427 0.5743
vn 0.8503 0.1937 0.4893
vn 0.7893 0.3744 0.4866
vn 0.8189 0.4111 0.4006
vn 0.9940 -0.0993 -0.0466
vn 0.7233 0.2664 0.6370
vn 0.7972 0.1592 0.5823
vn 0.7971 0.1590 0.5826
vn 0.7920 0.1251 0.5976
vn 0.7976 0.1608 0.5813
vn 0.7972 0.1591 0.5823
vn 0.7972 0.1595 0.5823
vn 0.7972 0.1590 0.5824
vn 0.7977 0.1603 0.5814
vn 0.7976 0.1607 0.5813
vn 0.7987 0.1560 0.5812
vn 0.7973 0.1593 0.5821
vn 0.7973 0.1600 0.5820
vn 0.7973 0.1602 0.5820
vn 0.7974 0.1611 0.5816
vn 0.7968 0.1606 0.5825
vn 0.7968 0.1607 0.5825
vn 0.7970 0.1608 0.5821
vn 0.7967 0.1600 0.5828
vn 0.7972 0.1608 0.5819
vn 0.7995 0.1588 0.5792
vn 0.1692 -0.9523 0.2539
vn 0.7973 0.1604 0.5819
vn 0.7967 0.1604 0.5827
vn -0.0836 -0.9958 0.0383
vn 0.7967 0.1606 0.5827
vn 0.7969 0.1612 0.5822
vn 0.7969 0.1602 0.5825
vn 0.7968 0.1602 0.5826
vn 0.7968 0.1547 0.5841
vn 0.7968 0.1610 0.5824
vn 0.7973 0.1603 0.5819
vn -0.0855 -0.9958 0.0332
vn -0.0859 -0.9958 0.0325
vn 0.9737 -0.1358 0.1830
vn -0.0851 -0.9958 0.0340
vn -0.0836 -0.9958 0.0380
vn -0.0845 -0.9958 0.0343
vn -0.0836 -0.9958 0.0359
vn -0.0837 -0.9958 0.0380
vn 0.7972 0.1605 0.5820
vn -0.7108 -0.2713 0.6490
vn 0.7966 0.1608 0.5827
vn 0.7972 0.1612 0.5818
vn 0.7967 0.1608 0.5826
vn -0.7885 0.3252 -0.5220
vn 0.7966 0.1611 0.5826
vn 0.7966 0.1600 0.5830
vn 0.7967 0.1601 0.5828
vn 0.7972 0.1609 0.5819
vn 0.8016 0.1729 0.5723
vn 0.7967 0.1605 0.5826
vn 0.7975 0.1610 0.5814
vn 0.7971 0.1605 0.5822
vn 0.7977 0.1614 0.5810
vn 0.7967 0.1607 0.5827
vn 0.7971 0.1609 0.5820
vn 0.8241 0.1783 0.5377
vn 0.7967 0.1603 0.5827
vn 0.7966 0.1605 0.5829
vn 0.7966 0.1609 0.5826
vn 0.7973 0.1611 0.5817
vn -0.3895 -0.4334 -0.8127
vn 0.7974 0.1611 0.5815
vn 0.7973 0.1602 0.5819
vn 0.7976 0.1597 0.5816
vn 0.7951 0.0747 0.6019
vn 0.7971 0.1608 0.5820
vn 0.7973 0.1608 0.5818
vn 0.7977 0.1607 0.5812
vn 0.7976 0.1605 0.5814
vn 0.7977 0.1604 0.5814
vn 0.7974 0.1598 0.5819
vn 0.7748 0.0808 0.6270
vn 0.7973 0.1595 0.5822
vn 0.7972 0.1593 0.5823
vn 0.7978 0.1610 0.5810
vn 0.7966 0.1625 0.5823
vn 0.8009 0.1736 0.5730
vn 0.7976 0.1617 0.5811
vn 0.7970 0.1587 0.5827
vn 0.7971 0.1589 0.5825
vn 0.7970 0.1587 0.5828
vn 0.7972 0.1593 0.5824
vn 0.8262 0.3950 0.4018
vn 0.9954 0.0326 0.0896
vn 0.7279 0.3901 0.5639
vn 0.9489 0.2481 0.1953
vn 0.6385 0.4233 0.6427
vn 0.8878 0.0994 0.4494
vn 0.7986 0.4818 0.3607
vn 0.9140 0.3382 0.2239
vn 0.8243 0.4336 0.3640
vn -0.0827 -0.9958 0.0394
vn 0.7971 0.1594 0.5824
vn 0.7972 0.1607 0.5820
vn 0.7039 0.5401 0.4614
vn 0.8622 0.2707 0.4281
vn 0.9943 -0.0130 0.1061
vn 0.8074 0.1769 0.5628
vn 0.9930 -0.0408 0.1106
vn 0.7829 0.1745 0.5971
vn 0.7711 0.0986 0.6291
vn 0.8036 0.1507 0.5758
vn 0.7962 0.1702 0.5805
vn 0.7375 0.4060 0.5396
vn 0.9907 0.0829 0.1081
vn 0.9626 0.2458 0.1137
vn 0.7989 0.1825 0.5731
vn 0.7971 0.1593 0.5824
vn 0.7974 0.1592 0.5821
vn 0.9364 -0.0010 0.3508
vn 0.9380 0.0244 0.3457
vn 0.7663 0.0882 0.6364
vn 0.8020 -0.0090 0.5972
vn 0.8225 0.0891 0.5617
vn 0.6383 -0.7208 0.2701
vn 0.7745 -0.3337 0.5374
vn 0.9332 -0.0753 0.3514
vn 0.9093 -0.2397 0.3402
vn 0.9123 0.0368 0.4079
vn 0.8955 -0.0974 0.4343
vn 0.8193 -0.0930 0.5657
vn 0.6679 -0.6313 0.3942
vn 0.6588 -0.6115 0.4384
vn 0.6725 -0.5832 0.4557
vn 0.6754 -0.5822 0.4527
vn 0.7265 -0.5658 0.3900
vn 0.8313 -0.4594 0.3129
vn 0.6713 -0.6496 0.3568
vn 0.6264 -0.7424 0.2377
vn 0.6435 -0.4659 0.6073
vn 0.7761 -0.5884 0.2270
vn 0.5558 -0.6819 0.4755
vn 0.6519 -0.7158 0.2502
vn 0.6533 -0.3857 0.6514
vn 0.5471 -0.7436 0.3844
vn 0.5470 -0.7442 0.3834
vn 0.5466 -0.7438 0.3846
vn 0.5620 -0.7287 0.3913
vn 0.5493 -0.7414 0.3854
vn 0.5890 -0.7109 0.3844
vn 0.5531 -0.7188 0.4211
vn 0.5861 -0.7037 0.4017
vn 0.5431 -0.7327 0.4102
vn -0.4080 0.8895 -0.2057
vn 0.5553 -0.7277 0.4026
vn 0.6101 -0.7083 0.3551
vn 0.5725 -0.7019 0.4237
vn 0.6449 -0.6680 0.3713
vn 0.5697 -0.7062 0.4204
vn 0.5511 -0.7471 0.3718
vn 0.5638 -0.6270 0.5376
vn 0.6275 -0.7065 0.3271
vn 0.5468 -0.7406 0.3905
vn 0.5972 -0.7536 0.2746
vn 0.6197 -0.6014 0.5043
vn 0.5471 -0.7434 0.3847
vn 0.5468 -0.7442 0.3835
vn 0.5466 -0.7438 0.3848
vn 0.5465 -0.7443 0.3839
vn 0.7450 -0.5801 0.3292
vn 0.5473 -0.7436 0.3841
vn -0.9524 -0.0837 -0.2930
vn 0.5472 -0.7437 0.3841
vn 0.2267 -0.9712 0.0729
vn 0.1736 -0.9848 -0.0028
vn -0.0440 -0.9661 -0.2542
vn 0.3036 -0.9173 0.2577
vn 0.0070 -0.9952 0.0973
vn 0.5434 -0.7351 0.4055
vn 0.5640 -0.7161 0.4111
vn -0.0261 -0.9715 -0.2355
vn -0.0849 -0.9963 0.0125
vn -0.1049 -0.9767 -0.1871
vn -0.0825 -0.9964 0.0210
vn -0.0913 -0.9932 0.0715
vn 0.0668 -0.9947 -0.0780
vn 0.1142 -0.9932 -0.0219
vn 0.0296 -0.9995 0.0076
vn 0.0210 -0.9884 0.1504
vn 0.1018 -0.9943 -0.0330
vn 0.2372 -0.9707 0.0387
vn 0.2672 -0.9200 0.2867
vn 0.1465 -0.9776 0.1515
vn 0.7922 -0.1556 0.5901
vn 0.5490 -0.7430 0.3829
vn 0.5469 -0.7443 0.3832
vn 0.5465 -0.7444 0.3837
vn 0.5458 -0.7420 0.3893
vn 0.5466 -0.7441 0.3841
vn 0.5471 -0.7436 0.3843
vn 0.5481 -0.7430 0.3839
vn 0.5485 -0.7427 0.3841
vn 0.5490 -0.7429 0.3831
vn 0.5486 -0.7424 0.3845
vn 0.5481 -0.7434 0.3834
vn 0.5481 -0.7435 0.3830
vn 0.5487 -0.7425 0.3841
vn 0.5482 -0.7423 0.3853
vn 0.5483 -0.7432 0.3835
vn 0.5485 -0.7429 0.3838
vn 0.5487 -0.7428 0.3838
vn 0.5451 -0.7434 0.3876
vn 0.5442 -0.7436 0.3885
vn 0.4174 -0.8675 0.2706
vn 0.5158 -0.7564 0.4022
vn 0.3963 -0.8484 0.3509
vn 0.4239 -0.8568 0.2936
vn 0.9623 0.2291 0.1469
vn -0.0839 -0.9959 0.0345
vn -0.0824 -0.9960 0.0347
vn -0.0853 -0.9958 0.0332
vn -0.0830 -0.9959 0.0350
vn 0.7757 -0.1928 0.6009
vn -0.0812 -0.9961 0.0354
vn -0.1069 -0.9943 0.0034
vn -0.0808 -0.9961 0.0365
vn 0.7769 -0.2484 0.5785
vn -0.0903 -0.9959 0.0023
vn -0.0809 -0.9960 0.0366
vn -0.0827 -0.9960 0.0338
vn -0.0814 -0.9960 0.0363
vn 0.5486 -0.7429 0.3837
vn 0.5109 -0.7968 0.3225
vn 0.5487 -0.7429 0.3834
vn 0.5492 -0.7425 0.3835
vn 0.5497 -0.7425 0.3828
vn 0.5482 -0.7433 0.3834
vn 0.5355 -0.7503 0.3876
vn 0.5803 -0.7462 0.3263
vn 0.5136 -0.7621 0.3943
vn 0.5507 -0.7896 0.2706
vn 0.4184 -0.8196 0.3914
vn 0.5755 -0.7409 0.3462
vn -0.0837 -0.9959 0.0345
vn -0.0820 -0.9959 0.0370
vn -0.0834 -0.9958 0.0371
vn -0.0853 -0.9958 0.0326
vn -0.0847 -0.9959 0.0331
vn -0.0840 -0.9956 0.0418
vn 0.2086 -0.9519 -0.2245
vn -0.0824 -0.9959 0.0373
vn -0.0820 -0.9960 0.0368
vn -0.0819 -0.9959 0.0397
vn -0.0833 -0.9958 0.0384
vn -0.0834 -0.9958 0.0380
vn -0.0847 -0.9957 0.0369
vn -0.0841 -0.9958 0.0354
vn -0.0854 -0.9956 0.0372
vn -0.0853 -0.9958 0.0339
vn -0.0863 -0.9956 0.0352
vn -0.0839 -0.9958 0.0364
vn -0.0828 -0.9959 0.0350
vn -0.0837 -0.9958 0.0383
vn -0.5418 -0.5786 0.6097
vn -0.0840 -0.9956 0.0406
vn -0.0839 -0.9957 0.0383
vn -0.0813 -0.9960 0.0372
vn -0.7763 -0.5878 0.2278
vn -0.7227 -0.4720 0.5049
vn -0.0793 -0.9961 0.0388
vn -0.0843 -0.9956 0.0402
vn -0.0835 -0.9958 0.0387
vn -0.0837 -0.9959 0.0342
vn -0.0838 -0.9959 0.0343
vn -0.0835 -0.9959 0.0361
vn -0.0838 -0.9959 0.0345
vn -0.0837 -0.9959 0.0344
vn -0.0832 -0.9958 0.0381
vn -0.0836 -0.9958 0.0360
vn -0.0835 -0.9959 0.0347
vn -0.0835 -0.9958 0.0367
vn -0.0805 -0.9958 0.0436
vn -0.0845 -0.9956 0.0396
vn -0.0812 -0.9958 0.0424
vn -0.0803 -0.9957 0.0452
vn 0.1779 0.8993 -0.3994
vn -0.5567 0.7430 -0.3716
vn 0.5469 -0.7430 0.3860
vn -0.0837 -0.9958 0.0369
vn -0.0814 -0.9961 0.0349
vn -0.0843 -0.9958 0.0362
vn -0.0812 -0.9961 0.0358
vn -0.0846 -0.9958 0.0361
vn -0.0832 -0.9959 0.0349
vn -0.0836 -0.9957 0.0395
vn -0.0789 -0.9962 0.0357
vn -0.0837 -0.9958 0.0377
vn 0.0328 -0.9947 -0.0972
vn -0.1759 -0.9836 0.0396
vn 0.0014 -0.9777 -0.2102
vn -0.3024 -0.9514 0.0579
vn -0.0556 -0.9984 0.0083
vn -0.0831 -0.9959 0.0351
vn -0.0320 -0.9816 -0.1884
vn -0.2448 -0.9659 -0.0838
vn 0.0890 -0.9830 -0.1609
vn -0.0825 -0.9700 -0.2288
vn -0.0954 -0.9695 -0.2256
vn -0.1896 -0.9705 -0.1490
vn -0.1482 -0.9841 -0.0977
vn -0.1044 -0.9945 0.0096
vn -0.1003 -0.9949 -0.0088
vn -0.2181 -0.9031 -0.3698
vn -0.1975 0.9611 -0.1934
vn -0.0703 -0.9720 -0.2244
vn 0.0661 -0.9646 -0.2552
vn -0.1997 -0.9796 -0.0212
vn -0.2401 -0.9704 -0.0242
vn -0.0841 -0.9958 0.0355
vn -0.0820 -0.9961 0.0336
vn -0.0853 -0.9957 0.0352
vn -0.0831 -0.9958 0.0390
vn -0.0837 -0.9958 0.0362
vn 0.5531 -0.8152 0.1719
vn 0.3115 -0.8729 0.3754
vn 0.5811 -0.7549 0.3041
vn 0.5488 -0.7427 0.3837
vn 0.5489 -0.7425 0.3839
vn 0.8988 0.2775 0.3393
vn 0.5222 -0.7712 0.3641
vn 0.5118 -0.7572 0.4058
vn 0.5445 -0.7443 0.3867
vn 0.0089 0.2072 0.9782
vn 0.5486 -0.7430 0.3835
vn 0.5487 -0.7434 0.3826
vn 0.5485 -0.7433 0.3830
vn 0.8015 -0.5329 0.2712
vn 0.5469 -0.7440 0.3839
vn 0.5464 -0.7439 0.3847
vn 0.0530 -0.9944 -0.0909
vn 0.6448 -0.7101 0.2829
vn 0.2498 -0.9619 0.1107
vn 0.0586 -0.9947 -0.0841
vn 0.1375 -0.9875 -0.0767
vn -0.0856 -0.9958 0.0336
vn 0.6402 -0.6881 0.3416
vn 0.4379 0.3969 -0.8067
vn 0.5465 -0.7440 0.3845
vn 0.6312 -0.7222 0.2830
vn 0.6503 -0.5923 0.4757
vn 0.6731 -0.6217 0.4006
vn 0.5835 -0.7074 0.3989
vn 0.7973 0.1589 0.5823
vn 0.6159 -0.6480 0.4481
vn 0.5519 -0.7416 0.3813
vn 0.7013 -0.6845 0.1989
vn 0.6886 -0.3145 0.6534
vn 0.8599 -0.4779 0.1793
vn 0.6629 -0.6441 0.3817
vn 0.6358 -0.6730 0.3780
vn 0.6610 -0.6145 0.4306
vn 0.7068 -0.5102 0.4900
vn 0.8878 -0.3013 0.3478
vn 0.9003 -0.3943 0.1845
vn 0.8842 -0.3075 0.3515
vn 0.9712 -0.1749 0.1617
vn 0.9236 -0.0938 0.3717
vn 0.8283 0.0970 0.5519
vn 0.7789 0.1887 0.5981
vn 0.7971 0.1597 0.5823
vn 0.7522 0.2538 0.6081
vn 0.7982 0.1699 0.5779
vn 0.7967 0.1599 0.5829
vn 0.7979 0.1569 0.5820
vn 0.7964 0.1597 0.5832
vn 0.7974 0.1597 0.5820
vn 0.7981 0.1626 0.5801
vn 0.7971 0.1573 0.5830
vn 0.7974 0.1596 0.5820
vn 0.7974 0.1603 0.5818
vn 0.7974 0.1608 0.5816
vn 0.7968 0.1605 0.5825
vn 0.7970 0.1612 0.5821
vn 0.7966 0.1615 0.5826
vn 0.7966 0.1609 0.5827
vn -0.0858 -0.9958 0.0324
vn -0.4931 0.7810 -0.3833
vn -0.2790 0.9021 0.3292
vn -0.5302 0.1251 0.8386
vn 0.8878 -0.3688 0.2753
vn -0.3963 0.7136 0.5778
vn -0.6164 0.1023 0.7807
vn -0.1035 0.0942 0.9902
vn -0.2994 0.0547 0.9525
vn -0.5817 0.0681 0.8105
vn 0.5483 -0.7433 0.3833
vn -0.4426 0.0086 0.8967
vn -0.4096 -0.0445 0.9112
vn -0.5277 0.0561 0.8476
vn -0.5615 -0.0924 0.8223
vn 0.4602 -0.2684 -0.8463
vn 0.6037 -0.1043 -0.7904
vn 0.7114 -0.2676 -0.6499
vn 0.5157 0.0847 -0.8526
vn 0.6282 -0.1155 -0.7694
vn 0.5020 -0.7029 0.5039
vn 0.1806 -0.9735 0.1406
vn 0.5448 -0.7357 0.4024
vn 0.1285 -0.5792 -0.8050
vn -0.1027 -0.9938 -0.0432
vn 0.5832 -0.6614 0.4716
vn 0.3418 0.5504 0.7617
vn -0.0853 -0.9958 0.0330
vn -0.5666 -0.1008 0.8178
vn 0.0171 -0.6697 -0.7424
vn 0.5871 0.0341 0.8088
vn -0.7023 0.4134 -0.5795
vn 0.7550 -0.5421 -0.3689
vn -0.6121 -0.1768 0.7707
vn -0.6811 0.5847 -0.4407
vn 0.8996 -0.1823 0.3969
vn -0.3881 0.8475 -0.3621
vn -0.6586 0.4502 -0.6029
vn 0.4444 0.8957 0.0182
vn 0.5362 -0.8015 -0.2650
vn 0.2712 -0.5947 0.7569
vn 0.9293 -0.3287 0.1686
vn 0.4492 -0.1649 0.8781
vn 0.8363 0.2756 -0.4740
vn 0.6004 -0.3534 0.7174
vn 0.9359 -0.0258 0.3514
vn -0.6673 0.6587 -0.3476
vn -0.7757 -0.5519 0.3060
vn -0.8077 -0.1938 -0.5569
vn 0.8066 0.1263 0.5774
vn 0.2621 -0.9419 -0.2100
vn -0.7408 -0.6679 0.0720
vn -0.4747 -0.6852 -0.5524
vn -0.1162 0.5191 0.8468
vn 0.1915 -0.9765 -0.0987
vn 0.6238 -0.7757 -0.0958
vn -0.0826 -0.9958 0.0399
vn -0.9074 0.1747 0.3822
vn -0.8900 0.1574 -0.4280
vn 0.0382 -0.6357 -0.7710
vn -0.7427 0.3471 -0.5726
vn -0.3662 0.8977 -0.2448
vn 0.8026 0.1176 0.5848
vn 0.7509 0.0604 0.6577
vn -0.7325 0.6807 0.0119
vn 0.1146 0.5262 0.8426
vn -0.6205 -0.0731 0.7808
vn 0.4441 -0.1046 0.8899
vn -0.2776 0.9055 -0.3208
vn 0.6401 0.7212 0.2648
vn -0.1778 0.6317 0.7545
vn 0.8050 0.4221 0.4168
vn 0.7969 0.1608 0.5824
vn -0.6401 0.7331 -0.2297
vn 0.0420 -0.9817 -0.1856
vn 0.9711 -0.2267 0.0744
vn 0.8874 0.4427 0.1284
vn -0.5298 -0.0446 0.8470
vn -0.6455 0.7342 -0.2106
vn 0.9180 -0.3040 -0.2547
vn -0.7119 0.7016 -0.0309
vn 0.9022 -0.4312 0.0105
vn -0.8586 0.2733 -0.4336
vn 0.2454 -0.9430 -0.2246
vn -0.4881 -0.2483 -0.8367
vn 0.6059 0.7944 0.0440
vn 0.4537 -0.8901 -0.0427
vn 0.5488 -0.7429 0.3834
vn -0.0839 -0.9956 0.0419
vn -0.8072 0.2733 -0.5232
vn 0.8007 0.5596 -0.2140
vn -0.0124 -0.9940 0.1083
vn 0.4602 -0.8861 0.0549
vn -0.2444 0.8923 -0.3796
vn 0.2640 -0.9451 -0.1929
vn -0.4297 0.5534 0.7135
vn 0.5415 0.3645 0.7576
vn 0.9788 0.1708 0.1132
vn 0.5549 -0.6096 -0.5661
vn -0.4053 0.7476 -0.5262
vn -0.1852 0.9347 0.3035
vn 0.3045 0.6324 0.7123
vn 0.5467 -0.7436 0.3849
vn 0.6853 -0.5937 0.4218
vn -0.3287 0.7151 0.6169
vn 0.4047 -0.9088 -0.1016
vn -0.5250 0.7037 -0.4787
vn 0.5497 -0.7422 0.3833
vn 0.0889 -0.8714 0.4825
vn -0.0563 -0.9978 -0.0356
vn 0.8902 0.4317 0.1457
vn 0.6943 -0.6502 0.3086
vn -0.0836 -0.9957 0.0407
vn 0.6653 -0.6427 0.3798
vn 0.7448 -0.0497 0.6654
vn 0.0911 0.4936 0.8649
vn -0.2138 0.7870 -0.5787
vn -0.7567 -0.5937 0.2737
vn -0.5770 -0.4515 -0.6806
vn 0.8934 -0.4459 -0.0555
vn 0.9157 -0.0557 -0.3979
vn 0.9396 -0.3220 0.1163
vn 0.7973 0.1610 0.5817
vn -0.7721 0.5623 -0.2961
vn 0.5162 -0.8205 -0.2456
vn -0.5993 0.3894 0.6994
vn 0.7759 0.1816 0.6042
vn -0.0373 0.5626 0.8259
vn -0.3731 0.7197 -0.5855
vn -0.5923 0.0244 0.8054
vn -0.4661 -0.0509 0.8833
vn -0.1865 -0.7955 -0.5765
vn 0.3690 -0.8783 0.3040
vn -0.8578 -0.2815 0.4300
vn -0.0563 -0.9204 0.3869
vn 0.7977 0.1621 0.5809
vn -0.5877 -0.4138 -0.6953
vn -0.6872 0.0847 0.7216
vn -0.9300 0.2773 -0.2413
vn -0.5354 0.6068 -0.5875
vn 0.5647 -0.7398 0.3658
vn 0.7971 0.1605 0.5821
vn 0.9852 -0.0807 0.1512
vn -0.0431 -0.9942 0.0985
vn 0.5435 -0.7444 0.3880
vn 0.7976 0.1609 0.5813
vn 0.1567 -0.8572 0.4906
vn 0.9603 -0.0982 -0.2613
vn -0.0851 -0.9962 0.0185
vn 0.0273 -0.9934 0.1117
vn 0.4143 0.9088 0.0496
vn 0.3959 -0.6671 0.6310
vn 0.2714 -0.9415 -0.1999
vn 0.6662 -0.7059 0.2406
vn -0.2426 0.1133 0.9635
vn -0.1530 -0.9866 -0.0567
vn -0.2158 0.3747 0.9017
vn 0.6615 0.5910 0.4616
vn -0.7321 -0.5795 0.3580
vn 0.1663 -0.7682 0.6182
vn 0.5137 -0.8166 0.2632
vn 0.7972 0.1589 0.5824
vn -0.1968 -0.7837 -0.5891
vn 0.7099 0.5141 0.4815
vn 0.6924 -0.6887 -0.2151
vn -0.8774 0.3460 -0.3323
vn -0.3033 -0.7952 0.5250
vn 0.5241 -0.8191 -0.2333
vn -0.8519 -0.2955 0.4324
vn -0.4442 0.0844 -0.8919
vn -0.3266 0.8579 -0.3967
vn -0.9046 0.2414 -0.3514
vn 0.8872 0.4422 0.1315
vn 0.6423 0.7479 -0.1675
vn 0.8008 -0.5894 -0.1061
vn -0.0653 -0.8866 0.4578
vn -0.0086 -0.9989 -0.0453
vn -0.8233 -0.5164 0.2357
vn -0.2686 0.9210 -0.2822
vn -0.7968 0.4549 -0.3977
vn 0.5881 -0.0613 0.8064
vn -0.7595 -0.4972 0.4195
vn 0.9247 0.1785 0.3363
vn 0.7201 -0.6938 -0.0025
vn -0.0866 -0.9956 0.0349
vn 0.2914 -0.9546 -0.0619
vn 0.6337 -0.7729 0.0335
vn -0.7238 -0.4730 0.5023
vn -0.4844 -0.6757 -0.5557
vn -0.7758 0.5625 -0.2859
vn -0.0814 -0.9960 0.0367
vn 0.6546 -0.7473 -0.1139
vn -0.6717 -0.5690 0.4745
vn -0.0813 -0.9960 0.0373
vn 0.7970 0.1584 0.5829
vn 0.9233 0.0849 0.3746
vn -0.0860 -0.9955 0.0395
vn -0.0818 -0.9960 0.0353
vn -0.0827 -0.9960 0.0333
vn 0.7979 0.1614 0.5808
vn -0.3060 0.8486 -0.4316
vn -0.9219 -0.3407 0.1844
vn 0.7965 0.1606 0.5829
vn -0.0817 -0.9960 0.0364
vn 0.7978 0.1603 0.5812
vn 0.9333 -0.3552 -0.0521
vn 0.0876 -0.9887 -0.1214
vn 0.8377 -0.5293 -0.1345
vn -0.3927 0.2646 -0.8808
vn 0.5473 -0.7435 0.3842
vn 0.1045 -0.9664 0.2347
vn 0.9696 -0.1567 -0.1880
vn 0.9168 -0.1946 0.3488
vn -0.4474 -0.8924 0.0579
vn 0.7976 0.1602 0.5816
vn 0.6632 -0.5350 0.5234
vn 0.7976 0.1601 0.5816
vn 0.8208 0.2131 0.5299
vn 0.5474 -0.7437 0.3837
vn -0.6022 -0.3848 0.6995
vn 0.7972 0.1591 0.5824
vn 0.9380 0.0712 0.3392
vn 0.8694 0.3508 0.3479
vn 0.5474 -0.7448 0.3816
vn 0.8713 0.2111 0.4430
vn 0.5473 -0.7428 0.3855
vn 0.1748 -0.9791 0.1036
vn 0.9320 0.3451 0.1110
vn 0.3846 0.2940 0.8750
vn -0.6875 -0.3271 0.6484
vn 0.6108 -0.7098 0.3508
vn -0.0843 -0.9957 0.0373
vn -0.0834 -0.9957 0.0402
vn -0.0838 -0.9958 0.0367
vn -0.0798 -0.9960 0.0392
vn -0.0836 -0.9959 0.0344
vn -0.0813 -0.9958 0.0411
vn -0.0511 -0.9845 -0.1678
vn -0.1523 -0.9740 -0.1677
vn -0.0820 -0.9960 0.0346
vn -0.2570 -0.9655 -0.0418
vn 0.6812 -0.5763 0.4515
vn -0.1627 -0.9866 0.0076
vn -0.0860 -0.9958 0.0322
vn -0.0835 -0.9956 0.0414
vn -0.0846 -0.9955 0.0426
vn -0.0833 -0.9958 0.0370
vn -0.0837 -0.9959 0.0349
vn -0.0817 -0.9959 0.0388
vn -0.0811 -0.9960 0.0375
vn -0.0835 -0.9958 0.0389
vn -0.0840 -0.9959 0.0347
vn -0.0838 -0.9958 0.0365
vn -0.0822 -0.9958 0.0413
vn 0.7972 0.1589 0.5825
vn -0.0843 -0.9957 0.0384
vn -0.0833 -0.9958 0.0385
vn -0.0830 -0.9958 0.0375
vn -0.0837 -0.9956 0.0421
vn -0.3647 0.3184 0.8750
vn -0.0845 -0.9958 0.0354
vn -0.0831 -0.9959 0.0367
vn -0.0838 -0.9959 0.0344
vn 0.5495 -0.7426 0.3830
vn 0.5488 -0.7422 0.3846
vn 0.4805 0.0374 -0.8762
vn -0.0839 -0.9958 0.0353
vn -0.0819 -0.9960 0.0368
vn -0.0850 -0.9959 0.0315
vn -0.0809 -0.9961 0.0365
vn -0.0813 -0.9960 0.0371
vn -0.0816 -0.9960 0.0352
vn -0.0823 -0.9960 0.0356
vn -0.0833 -0.9959 0.0342
vn -0.3029 -0.6756 -0.6722
vn -0.8775 0.3464 -0.3316
vn 0.5443 -0.7436 0.3883
vn 0.5484 -0.7427 0.3841
vn -0.4606 -0.1732 0.8705
vn 0.5500 -0.7426 0.3822
vn 0.5472 -0.7434 0.3846
vn 0.5463 -0.7444 0.3840
vn 0.0869 -0.9889 0.1207
vn 0.1240 -0.9891 -0.0791
vn 0.1541 -0.9872 -0.0405
vn -0.1273 -0.9917 -0.0157
vn 0.0109 -0.9941 0.1079
vn 0.0898 -0.9841 0.1532
vn -0.0757 -0.9967 0.0280
vn -0.0772 -0.9965 0.0322
vn 0.8913 -0.4413 -0.1039
vn 0.3079 -0.9358 0.1714
vn 0.3715 -0.8945 0.2487
vn 0.2765 -0.9412 0.1944
vn 0.1468 -0.9890 0.0168
vn 0.5473 -0.7437 0.3839
vn 0.4168 -0.8646 0.2804
vn 0.5766 -0.7093 0.4056
vn 0.5146 -0.7713 0.3744
vn 0.5233 -0.7852 0.3310
vn 0.5135 -0.7511 0.4150
vn 0.5733 -0.7392 0.3534
vn 0.6707 -0.6310 0.3899
vn 0.8155 -0.4431 0.3722
vn 0.6946 -0.5533 0.4598
vn -0.0847 -0.9957 0.0381
vn 0.9133 -0.0427 0.4052
vn 0.7703 -0.2947 0.5655
vn -0.0844 -0.9958 0.0361
vn 0.9792 -0.1494 0.1370
vn 0.8440 0.3298 0.4229
vn 0.9876 -0.1076 0.1146
vn -0.4709 0.6341 -0.6133
vn 0.7969 0.1584 0.5829
vn 0.9373 0.0515 0.3447
vn 0.2212 -0.9545 0.2002
vn 0.7168 0.4182 0.5579
vn 0.8085 0.1756 0.5618
vn 0.8730 0.1619 0.4602
vn 0.8038 0.2142 0.5550
vn 0.3458 -0.9167 0.2005
vn 0.8091 0.1615 0.5651
vn 0.8068 0.1725 0.5650
vn 0.8445 0.2888 0.4510
vn 0.7971 0.1593 0.5825
vn 0.7973 0.1592 0.5822
vn 0.7971 0.1591 0.5825
vn 0.7979 0.1620 0.5806
vn 0.8036 0.1570 0.5741
vn 0.7973 0.1588 0.5824
vn 0.7977 0.1606 0.5813
vn 0.7974 0.1593 0.5821
vn 0.7974 0.1598 0.5820
vn 0.7973 0.1607 0.5818
vn 0.7968 0.1604 0.5825
vn 0.7966 0.1602 0.5830
vn 0.7975 0.1619 0.5812
vn 0.7994 0.1593 0.5793
vn 0.2527 -0.8936 0.3710
vn 0.7978 0.1610 0.5811
vn -0.0836 -0.9958 0.0371
vn 0.7965 0.1609 0.5828
vn 0.7966 0.1607 0.5828
vn 0.7937 0.1612 0.5866
vn 0.7970 0.1604 0.5824
vn 0.7972 0.1607 0.5819
vn -0.0859 -0.9958 0.0328
vn -0.0861 -0.9958 0.0323
vn 0.9767 -0.1183 0.1789
vn -0.0855 -0.9957 0.0351
vn -0.0850 -0.9958 0.0338
vn -0.0848 -0.9957 0.0365
vn -0.6942 -0.2701 0.6671
vn 0.7965 0.1606 0.5828
vn 0.7966 0.1606 0.5828
vn 0.7967 0.1605 0.5828
vn -0.7870 0.3719 -0.4923
vn 0.7968 0.1613 0.5824
vn 0.7966 0.1599 0.5830
vn 0.7966 0.1604 0.5829
vn 0.7973 0.1606 0.5819
vn 0.7973 0.1605 0.5818
vn 0.7966 0.1605 0.5828
vn 0.8066 0.1484 0.5721
vn 0.7968 0.1609 0.5825
vn 0.7968 0.1611 0.5824
vn 0.7967 0.1608 0.5825
vn -0.4738 -0.3532 -0.8067
vn 0.7978 0.1596 0.5814
vn 0.7974 0.1600 0.5819
vn 0.7975 0.1609 0.5815
vn 0.7761 0.1683 0.6078
vn 0.7968 0.1625 0.5820
vn 0.7976 0.1614 0.5812
vn 0.7976 0.1604 0.5814
vn 0.7973 0.1596 0.5821
vn 0.7813 0.1737 0.5995
vn 0.7969 0.1640 0.5814
vn 0.7967 0.1621 0.5822
vn 0.7969 0.1587 0.5828
vn -0.0827 -0.9957 0.0412
vn 0.7977 0.1602 0.5815
vn 0.8547 0.3183 0.4101
vn 0.9917 0.0621 0.1122
vn 0.8074 0.1768 0.5629
vn 0.9926 -0.0529 0.1093
vn 0.7675 0.3676 0.5251
vn 0.8053 0.1802 0.5648
vn 0.7982 0.2303 0.5566
vn 0.7313 0.3535 0.5833
vn 0.7974 0.1588 0.5823
vn 0.7974 0.1584 0.5823
vn 0.9368 0.0213 0.3491
vn 0.9380 0.0400 0.3443
vn 0.8185 0.1393 0.5574
vn 0.9436 0.0007 0.3312
vn 0.8749 0.2473 0.4165
vn 0.6338 -0.7249 0.2699
vn 0.8157 -0.2059 0.5406
vn 0.9106 -0.2356 0.3394
vn 0.9091 -0.2404 0.3402
vn 0.8018 -0.1834 0.5688
vn 0.9079 0.1085 0.4048
vn 0.6568 -0.6159 0.4351
vn 0.6278 -0.6903 0.3596
vn 0.8072 -0.3145 0.4995
vn 0.7651 -0.6054 0.2193
vn 0.6503 -0.6841 0.3304
vn 0.6362 -0.6376 0.4344
vn 0.6520 -0.6308 0.4207
vn 0.4908 -0.7701 0.4076
vn 0.5631 -0.7257 0.3953
vn -0.4631 0.8717 -0.1602
vn 0.7453 -0.4687 0.4742
vn 0.5644 -0.7112 0.4191
vn 0.5850 -0.6883 0.4290
vn -0.7149 0.5026 -0.4861
vn 0.2474 -0.9657 0.0792
vn -0.0264 -0.9714 -0.2358
vn 0.3274 -0.9273 0.1815
vn 0.1100 -0.9762 0.1867
vn -0.4876 -0.7118 -0.5056
vn -0.0071 -0.9764 -0.2157
vn -0.0493 -0.9972 0.0566
vn 0.0588 -0.9947 -0.0847
vn -0.0309 -0.9983 0.0494
vn 0.0886 -0.9941 -0.0624
vn 0.1978 -0.9645 0.1749
vn 0.2223 -0.9347 0.2773
vn 0.8276 0.0007 0.5614
vn 0.5465 -0.7443 0.3838
vn 0.5464 -0.7442 0.3843
vn 0.5487 -0.7432 0.3829
vn 0.5490 -0.7427 0.3834
vn 0.5484 -0.7431 0.3835
vn 0.5482 -0.7428 0.3843
vn 0.4186 -0.8581 0.2974
vn 0.5139 -0.7679 0.3824
vn 0.3914 -0.8839 0.2560
vn 0.4286 -0.8427 0.3258
vn 0.8525 0.5091 0.1187
vn -0.0844 -0.9959 0.0327
vn -0.0819 -0.9960 0.0365
vn -0.0809 -0.9961 0.0366
vn -0.0968 -0.9944 0.0423
vn -0.0807 -0.9961 0.0368
vn 0.8260 -0.1022 0.5544
vn -0.0818 -0.9960 0.0347
vn -0.0827 -0.9959 0.0360
vn -0.0812 -0.9961 0.0357
vn 0.5175 -0.7981 0.3086
vn -0.0850 -0.9957 0.0363
vn -0.2681 -0.8992 -0.3457
vn -0.0813 -0.9960 0.0382
vn -0.0821 -0.9959 0.0389
vn -0.0817 -0.9959 0.0377
vn -0.0838 -0.9958 0.0382
vn -0.0838 -0.9958 0.0379
vn -0.0850 -0.9958 0.0346
vn -0.0848 -0.9957 0.0377
vn -0.0840 -0.9957 0.0385
vn -0.4036 -0.5225 0.7511
vn -0.8769 -0.4549 0.1556
vn -0.8077 -0.4468 0.3847
vn -0.0810 -0.9960 0.0377
vn -0.0835 -0.9958 0.0371
vn -0.0832 -0.9958 0.0390
vn -0.0835 -0.9959 0.0360
vn -0.0845 -0.9955 0.0430
vn -0.0813 -0.9957 0.0437
vn 0.0148 -0.9926 -0.1208
vn -0.2036 -0.9790 -0.0094
vn 0.0551 -0.9864 -0.1548
vn -0.1260 -0.9892 -0.0750
vn -0.2070 0.9526 -0.2229
vn -0.2420 -0.9699 -0.0277
vn 0.5487 -0.7427 0.3838
vn 0.9232 0.0935 0.3729
vn 0.5229 -0.7661 0.3736
vn 0.0806 0.3455 0.9349
vn 0.5491 -0.7426 0.3833
vn 0.7120 -0.6778 0.1835
vn 0.5463 -0.7440 0.3847
vn 0.0630 -0.9946 -0.0825
vn 0.3269 -0.9335 0.1473
vn 0.1003 -0.9899 -0.1003
vn -0.0857 -0.9958 0.0335
vn 0.0524 0.7911 -0.6095
vn 0.5467 -0.7441 0.3841
vn 0.7974 0.1588 0.5822
vn 0.5817 -0.7112 0.3947
vn 0.6538 -0.6441 0.3971
vn 0.6918 -0.5543 0.4628
vn 0.8870 -0.4187 0.1946
vn 0.9526 -0.2695 0.1410
vn 0.9709 -0.1915 0.1440
vn 0.7983 -0.0904 0.5954
vn 0.8155 0.2756 0.5090
vn 0.7971 0.1590 0.5825
vn 0.7973 0.1597 0.5821
vn 0.7976 0.1603 0.5814
vn 0.7967 0.1605 0.5827
vn 0.7975 0.1595 0.5819
vn 0.7967 0.1610 0.5826
vn 0.7973 0.1610 0.5818
vn 0.7966 0.1603 0.5829
vn 0.7967 0.1603 0.5828
vn -0.6050 0.3889 0.6948
vn 0.9559 -0.1459 0.2547
vn 0.1332 0.7734 0.6198
vn 0.5482 -0.7433 0.3832
vn 0.4428 -0.7943 0.4160
vt 0.508448 0.815908
vt 0.513485 0.813614
vt 0.512394 0.814096
vt 0.500384 0.655031
vt 0.488887 0.689043
vt 0.491642 0.690073
vt 0.509868 0.814821
vt 0.505387 0.815321
vt 0.514030 0.807467
vt 0.507251 0.807822
vt 0.514065 0.807460
vt 0.357900 0.682769
vt 0.365296 0.711115
vt 0.376269 0.703876
vt 0.497303 0.807624
vt 0.490622 0.800775
vt 0.491636 0.806470
vt 0.550990 0.623132
vt 0.543134 0.616658
vt 0.539625 0.619200
vt 0.521893 0.805166
vt 0.527554 0.798919
vt 0.527851 0.798117
vt 0.323610 0.795795
vt 0.299154 0.777444
vt 0.326506 0.796102
vt 0.500633 0.806255
vt 0.496160 0.799221
vt 0.491467 0.800460
vt 0.489842 0.808558
vt 0.485167 0.803803
vt 0.505776 0.767520
vt 0.523920 0.782914
vt 0.529539 0.804885
vt 0.518323 0.769275
vt 0.524594 0.776059
vt 0.525870 0.776502
vt 0.518894 0.767457
vt 0.503473 0.775200
vt 0.508585 0.772848
vt 0.505624 0.767121
vt 0.517006 0.682763
vt 0.520943 0.675988
vt 0.510786 0.678568
vt 0.489571 0.800240
vt 0.486091 0.794868
vt 0.523067 0.807274
vt 0.506757 0.792401
vt 0.510849 0.767576
vt 0.316008 0.746580
vt 0.321257 0.771341
vt 0.326481 0.769228
vt 0.506752 0.814975
vt 0.519866 0.766982
vt 0.517043 0.713503
vt 0.517759 0.701162
vt 0.523771 0.713085
vt 0.512160 0.767714
vt 0.494927 0.806815
vt 0.500736 0.799468
vt 0.514350 0.724780
vt 0.510622 0.713287
vt 0.491057 0.693805
vt 0.479375 0.707884
vt 0.483089 0.710620
vt 0.499799 0.724392
vt 0.504020 0.712604
vt 0.507039 0.724180
vt 0.512119 0.694473
vt 0.523176 0.696085
vt 0.487067 0.785289
vt 0.489793 0.779043
vt 0.489186 0.786266
vt 0.519209 0.808395
vt 0.520595 0.806614
vt 0.525998 0.800561
vt 0.503926 0.807123
vt 0.501977 0.807701
vt 0.512180 0.686418
vt 0.506013 0.683917
vt 0.503576 0.811471
vt 0.512166 0.809271
vt 0.504784 0.805993
vt 0.495733 0.692990
vt 0.499634 0.683629
vt 0.493601 0.684432
vt 0.511248 0.814420
vt 0.515222 0.811403
vt 0.501185 0.753875
vt 0.501183 0.766945
vt 0.485797 0.683227
vt 0.496582 0.675217
vt 0.487417 0.684295
vt 0.495205 0.743586
vt 0.495676 0.755667
vt 0.494034 0.781153
vt 0.492719 0.773696
vt 0.489846 0.781534
vt 0.495657 0.807431
vt 0.498989 0.811256
vt 0.496798 0.807233
vt 0.510329 0.735575
vt 0.530145 0.795193
vt 0.526764 0.787988
vt 0.528374 0.785117
vt 0.506367 0.812028
vt 0.502012 0.813198
vt 0.591997 0.683519
vt 0.610178 0.660693
vt 0.607253 0.658225
vt 0.518164 0.806512
vt 0.514565 0.811810
vt 0.518478 0.709973
vt 0.517424 0.693083
vt 0.513099 0.695383
vt 0.519145 0.808961
vt 0.530351 0.793043
vt 0.530608 0.791509
vt 0.528584 0.783035
vt 0.527310 0.782496
vt 0.509160 0.805315
vt 0.516190 0.805772
vt 0.498739 0.810739
vt 0.489898 0.799782
vt 0.486718 0.792210
vt 0.525022 0.729480
vt 0.516364 0.729352
vt 0.514141 0.789076
vt 0.517023 0.781348
vt 0.511305 0.781099
vt 0.487341 0.783538
vt 0.487691 0.778276
vt 0.490406 0.808159
vt 0.489076 0.808249
vt 0.491810 0.807997
vt 0.313221 0.823155
vt 0.300447 0.806024
vt 0.308069 0.823368
vt 0.510615 0.814841
vt 0.519714 0.807295
vt 0.522142 0.807061
vt 0.528053 0.738918
vt 0.542217 0.747299
vt 0.531726 0.747100
vt 0.529687 0.799182
vt 0.526376 0.798727
vt 0.526402 0.790913
vt 0.521055 0.799100
vt 0.523205 0.781722
vt 0.530569 0.712788
vt 0.495682 0.736182
vt 0.502989 0.735043
vt 0.502886 0.789939
vt 0.500917 0.798649
vt 0.506084 0.798453
vt 0.508512 0.789611
vt 0.505650 0.781552
vt 0.491908 0.778797
vt 0.739236 0.771477
vt 0.746048 0.745602
vt 0.732777 0.771792
vt 0.485041 0.798628
vt 0.486782 0.797623
vt 0.483691 0.807256
vt 0.484594 0.814425
vt 0.512836 0.798304
vt 0.525587 0.808812
vt 0.530575 0.813089
vt 0.523730 0.807483
vt 0.518476 0.805851
vt 0.525518 0.780045
vt 0.527098 0.776319
vt 0.500564 0.768057
vt 0.507293 0.759211
vt 0.535576 0.599585
vt 0.533205 0.603083
vt 0.537850 0.601499
vt 0.496463 0.807644
vt 0.505123 0.814817
vt 0.495035 0.767190
vt 0.487048 0.755001
vt 0.490190 0.713636
vt 0.495244 0.700159
vt 0.497126 0.712685
vt 0.513894 0.772709
vt 0.486354 0.792858
vt 0.499958 0.781966
vt 0.497508 0.774632
vt 0.502939 0.812420
vt 0.490230 0.776177
vt 0.494556 0.768120
vt 0.496279 0.768058
vt 0.514552 0.768283
vt 0.643382 0.709760
vt 0.651302 0.680824
vt 0.632196 0.701751
vt 0.519383 0.774198
vt 0.515175 0.766693
vt 0.770837 0.793982
vt 0.763884 0.790474
vt 0.766299 0.797580
vt 0.505627 0.745421
vt 0.490963 0.791967
vt 0.533723 0.731641
vt 0.525156 0.709499
vt 0.509286 0.672193
vt 0.507220 0.670150
vt 0.522782 0.806858
vt 0.520203 0.806915
vt 0.525517 0.801748
vt 0.499279 0.757663
vt 0.516379 0.812562
vt 0.513831 0.813012
vt 0.501855 0.814218
vt 0.506218 0.814530
vt 0.530595 0.808544
vt 0.527924 0.804852
vt 0.486488 0.805905
vt 0.484890 0.804749
vt 0.497090 0.790185
vt 0.526248 0.805378
vt 0.527046 0.805006
vt 0.531440 0.752172
vt 0.522262 0.726097
vt 0.531482 0.730166
vt 0.519608 0.768429
vt 0.499472 0.743731
vt 0.519935 0.789647
vt 0.475952 0.616338
vt 0.479832 0.623166
vt 0.484526 0.618700
vt 0.489973 0.699628
vt 0.493281 0.687455
vt 0.284989 0.806660
vt 0.282520 0.789104
vt 0.277368 0.789316
vt 0.510727 0.682998
vt 0.503969 0.680020
vt 0.487382 0.684314
vt 0.496571 0.675529
vt 0.504145 0.677266
vt 0.529540 0.743793
vt 0.520511 0.744066
vt 0.509253 0.672211
vt 0.511317 0.709943
vt 0.507394 0.729112
vt 0.522335 0.690801
vt 0.527160 0.684263
vt 0.535824 0.709125
vt 0.499426 0.688646
vt 0.472797 0.746677
vt 0.479400 0.707870
vt 0.483842 0.713517
vt 0.620671 0.697147
vt 0.607978 0.723892
vt 0.614732 0.726305
vt 0.535799 0.709138
vt 0.531288 0.709889
vt 0.253617 0.803157
vt 0.246208 0.807562
vt 0.252656 0.811885
vt 0.507928 0.702289
vt 0.505968 0.691091
vt 0.484667 0.750906
vt 0.483099 0.730804
vt 0.492071 0.726171
vt 0.480992 0.732298
vt 0.492166 0.754845
vt 0.506369 0.618960
vt 0.497628 0.654001
vt 0.507966 0.693364
vt 0.513134 0.704465
vt 0.508197 0.756063
vt 0.524059 0.756093
vt 0.402034 0.753330
vt 0.394638 0.724984
vt 0.383665 0.732223
vt 0.358996 0.811870
vt 0.269746 0.771973
vt 0.262124 0.754629
vt 0.259106 0.759134
vt 0.522845 0.755662
vt 0.486419 0.744428
vt 0.489701 0.729549
vt 0.488818 0.710207
vt 0.478608 0.743658
vt 0.501718 0.692608
vt 0.495808 0.709351
vt 0.503569 0.709313
vt 0.727741 0.806705
vt 0.723801 0.789564
vt 0.721283 0.807021
vt 0.513273 0.746657
vt 0.515411 0.757213
vt 0.498391 0.728937
vt 0.714824 0.807336
vt 0.706428 0.822312
vt 0.712307 0.824793
vt 0.501609 0.700809
vt 0.527193 0.684245
vt 0.517449 0.810592
vt 0.515828 0.756429
vt 0.745299 0.777914
vt 0.736718 0.788933
vt 0.739749 0.792152
vt 0.529777 0.685331
vt 0.517058 0.687674
vt 0.774313 0.795736
vt 0.778851 0.792138
vt 0.775375 0.790384
vt 0.524175 0.689937
vt 0.512476 0.655345
vt 0.521378 0.690834
vt 0.754394 0.787571
vt 0.742781 0.795371
vt 0.745813 0.798589
vt 0.407065 0.659755
vt 0.421429 0.683511
vt 0.410361 0.657714
vt 0.466724 0.606182
vt 0.465058 0.609925
vt 0.469814 0.606911
vt 0.690913 0.774162
vt 0.706541 0.757395
vt 0.701645 0.754047
vt 0.511948 0.744096
vt 0.428733 0.773331
vt 0.416511 0.747071
vt 0.423907 0.775418
vt 0.503368 0.743594
vt 0.391060 0.760569
vt 0.408861 0.782632
vt 0.360736 0.814344
vt 0.312901 0.819929
vt 0.511163 0.798036
vt 0.648547 0.783920
vt 0.630534 0.802814
vt 0.636059 0.806378
vt 0.627424 0.699560
vt 0.640117 0.672815
vt 0.633363 0.670402
vt 0.521888 0.747261
vt 0.516079 0.798180
vt 0.406859 0.751244
vt 0.399464 0.722897
vt 0.518433 0.736645
vt 0.595286 0.750637
vt 0.601225 0.721479
vt 0.590513 0.748447
vt 0.305562 0.750805
vt 0.304155 0.775656
vt 0.310094 0.774555
vt 0.550281 0.601070
vt 0.547425 0.603958
vt 0.551559 0.606208
vt 0.385083 0.798010
vt 0.367808 0.778435
vt 0.378996 0.802094
vt 0.281971 0.811166
vt 0.282306 0.824428
vt 0.287459 0.824216
vt 0.665752 0.725779
vt 0.684858 0.704852
vt 0.673673 0.696843
vt 0.397256 0.789843
vt 0.378887 0.768736
vt 0.391169 0.793927
vt 0.348236 0.722438
vt 0.335954 0.697247
vt 0.330961 0.702862
vt 0.325968 0.708477
vt 0.343243 0.728053
vt 0.727881 0.768444
vt 0.714009 0.782868
vt 0.718905 0.786216
vt 0.744598 0.823215
vt 0.740263 0.812827
vt 0.738140 0.823530
vt 0.372910 0.806177
vt 0.355635 0.786601
vt 0.366823 0.810260
vt 0.711437 0.760743
vt 0.707357 0.781863
vt 0.416251 0.717564
vt 0.404029 0.691303
vt 0.410270 0.719187
vt 0.722169 0.740628
vt 0.718089 0.761748
vt 0.726352 0.743289
vt 0.758259 0.820187
vt 0.762053 0.818986
vt 0.759638 0.811880
vt 0.775667 0.808193
vt 0.780205 0.804596
vt 0.776728 0.802842
vt 0.748331 0.781133
vt 0.759943 0.773333
vt 0.756912 0.770114
vt 0.751963 0.764504
vt 0.742267 0.774695
vt 0.773252 0.801088
vt 0.515272 0.654449
vt 0.653772 0.815043
vt 0.659285 0.818075
vt 0.665121 0.794611
vt 0.696749 0.750699
vt 0.702585 0.727236
vt 0.690097 0.749694
vt 0.331730 0.793989
vt 0.332420 0.768127
vt 0.684572 0.746130
vt 0.662128 0.759429
vt 0.666560 0.765025
vt 0.680426 0.699256
vt 0.646647 0.746705
vt 0.652171 0.750269
vt 0.585741 0.746256
vt 0.591680 0.717097
vt 0.580969 0.744065
vt 0.606811 0.755241
vt 0.602039 0.753051
vt 0.533661 0.659274
vt 0.524758 0.623785
vt 0.551466 0.730251
vt 0.541979 0.760915
vt 0.546714 0.761755
vt 0.589072 0.681051
vt 0.601403 0.653288
vt 0.584527 0.679377
vt 0.533077 0.725426
vt 0.589703 0.643416
vt 0.576116 0.636978
vt 0.572285 0.635372
vt 0.474366 0.630953
vt 0.481627 0.659998
vt 0.506409 0.656151
vt 0.565863 0.624522
vt 0.562348 0.621088
vt 0.554498 0.620590
vt 0.521243 0.620351
vt 0.509878 0.616418
vt 0.456604 0.761587
vt 0.443821 0.735869
vt 0.451592 0.763707
vt 0.414255 0.779590
vt 0.433559 0.771245
vt 0.422492 0.745447
vt 0.619504 0.728496
vt 0.540125 0.603413
vt 0.503319 0.616639
vt 0.497795 0.616598
vt 0.465415 0.614547
vt 0.468148 0.610654
vt 0.493101 0.621063
vt 0.430141 0.645468
vt 0.458365 0.636949
vt 0.445096 0.639052
vt 0.518622 0.728921
vt 0.512555 0.729728
vt 0.274898 0.771760
vt 0.314627 0.798304
vt 0.316034 0.773453
vt 0.295914 0.782274
vt 0.287672 0.788892
vt 0.247169 0.798834
vt 0.254578 0.794429
vt 0.248130 0.790107
vt 0.271666 0.811590
vt 0.271332 0.798327
vt 0.266179 0.798539
vt 0.237016 0.796715
vt 0.243464 0.801037
vt 0.240720 0.794512
vt 0.250052 0.772651
vt 0.246347 0.774854
vt 0.249091 0.781379
vt 0.461492 0.615690
vt 0.295089 0.728157
vt 0.289866 0.730269
vt 0.286848 0.734775
vt 0.404290 0.720811
vt 0.411685 0.749157
vt 0.355925 0.674786
vt 0.350932 0.680401
vt 0.361905 0.673162
vt 0.379847 0.668291
vt 0.368874 0.675530
vt 0.387242 0.696637
vt 0.346927 0.690008
vt 0.354323 0.718354
vt 0.367886 0.671538
vt 0.362893 0.677153
vt 0.373866 0.669915
vt 0.356913 0.678777
vt 0.345940 0.686016
vt 0.340947 0.691631
vt 0.351920 0.684392
vt 0.392068 0.694551
vt 0.488412 0.727174
vt 0.491206 0.765396
vt 0.494437 0.728294
vt 0.410010 0.689680
vt 0.397788 0.663420
vt 0.278606 0.741393
vt 0.273383 0.743505
vt 0.270365 0.748011
vt 0.281624 0.736887
vt 0.284642 0.732382
vt 0.279419 0.734494
vt 0.276401 0.739000
vt 0.321232 0.744468
vt 0.315983 0.719707
vt 0.310760 0.721820
vt 0.256088 0.763640
vt 0.266728 0.776478
vt 0.253070 0.768145
vt 0.244425 0.792309
vt 0.235233 0.781462
vt 0.241681 0.785784
vt 0.238938 0.779259
vt 0.224119 0.788069
vt 0.230567 0.792392
vt 0.227823 0.785867
vt 0.234272 0.790189
vt 0.231528 0.783664
vt 0.233311 0.798917
vt 0.242643 0.777056
vt 0.266514 0.811802
vt 0.261027 0.798752
vt 0.277154 0.824640
vt 0.276819 0.811378
vt 0.260692 0.785489
vt 0.260066 0.807479
vt 0.259105 0.816207
vt 0.265553 0.820530
vt 0.283139 0.765143
vt 0.680140 0.740534
vt 0.698153 0.721640
vt 0.319160 0.822054
vt 0.567650 0.705466
vt 0.581602 0.676909
vt 0.320567 0.797203
vt 0.297764 0.823792
vt 0.295294 0.806236
vt 0.290142 0.806448
vt 0.349548 0.790685
vt 0.348858 0.816547
vt 0.354797 0.815445
vt 0.342918 0.817648
vt 0.343609 0.791786
vt 0.337669 0.792888
vt 0.338360 0.767026
vt 0.447829 0.635159
vt 0.463830 0.629162
vt 0.450561 0.631265
vt 0.461097 0.633056
vt 0.490368 0.624956
vt 0.477099 0.627059
vt 0.471257 0.620803
vt 0.466563 0.625269
vt 0.472071 0.609511
vt 0.480646 0.611873
vt 0.320976 0.714092
vt 0.338251 0.733668
vt 0.360519 0.747628
vt 0.333258 0.739283
vt 0.372801 0.772819
vt 0.366605 0.743545
vt 0.361721 0.782518
vt 0.489221 0.614235
vt 0.486169 0.611915
vt 0.494744 0.614277
vt 0.500268 0.614318
vt 0.497217 0.611998
vt 0.491693 0.611956
vt 0.485591 0.607314
vt 0.482540 0.604994
vt 0.480068 0.607273
vt 0.530833 0.606582
vt 0.528559 0.604668
vt 0.523913 0.606252
vt 0.530931 0.601169
vt 0.542399 0.605327
vt 0.547669 0.608534
vt 0.546270 0.601108
vt 0.431577 0.678151
vt 0.416955 0.653632
vt 0.428280 0.680192
vt 0.446198 0.702669
vt 0.438170 0.674069
vt 0.434873 0.676110
vt 0.414835 0.687593
vt 0.429199 0.711350
vt 0.418132 0.685552
vt 0.432496 0.709309
vt 0.403768 0.661796
vt 0.421077 0.715477
vt 0.438385 0.769159
vt 0.432144 0.741275
vt 0.427318 0.743361
vt 0.443211 0.767072
vt 0.436970 0.739188
vt 0.419081 0.777504
vt 0.456884 0.701035
vt 0.528260 0.615268
vt 0.520404 0.608794
vt 0.516896 0.611335
vt 0.536116 0.621741
vt 0.539619 0.613223
vt 0.531769 0.612726
vt 0.550983 0.617156
vt 0.558833 0.617653
vt 0.555318 0.614218
vt 0.547468 0.613721
vt 0.506449 0.693343
vt 0.500463 0.729414
vt 0.506489 0.730534
vt 0.500423 0.692223
vt 0.474160 0.760155
vt 0.485656 0.726144
vt 0.482901 0.725114
vt 0.464005 0.760356
vt 0.494397 0.691103
vt 0.512516 0.692536
vt 0.524728 0.765306
vt 0.524689 0.728115
vt 0.509799 0.767815
vt 0.543147 0.628610
vt 0.539631 0.625176
vt 0.558020 0.630001
vt 0.572381 0.632621
vt 0.569378 0.627957
vt 0.554505 0.626566
vt 0.542563 0.694763
vt 0.518582 0.691730
vt 0.561801 0.700529
vt 0.578677 0.674441
vt 0.575752 0.671972
vt 0.595553 0.648352
vt 0.572195 0.707140
vt 0.559455 0.733004
vt 0.556183 0.763434
vt 0.562015 0.733096
vt 0.579665 0.711282
vt 0.597846 0.688456
vt 0.594922 0.685987
vt 0.613103 0.663162
vt 0.582590 0.713750
vt 0.587135 0.715424
vt 0.657696 0.753833
vt 0.596452 0.719288
vt 0.441724 0.672790
vt 0.626610 0.667988
vt 0.589346 0.779796
vt 0.584574 0.777605
vt 0.611584 0.757432
vt 0.624276 0.730687
vt 0.598891 0.784177
vt 0.594119 0.781987
vt 0.439605 0.706751
vt 0.575030 0.773224
vt 0.570257 0.771033
vt 0.677609 0.772153
vt 0.672084 0.768589
vt 0.579802 0.775414
vt 0.616356 0.759623
vt 0.654567 0.717770
vt 0.662487 0.688834
vt 0.658056 0.683238
vt 0.669241 0.691247
vt 0.675995 0.693660
vt 0.671563 0.688065
vt 0.664809 0.685651
vt 0.644115 0.778324
vt 0.736780 0.746398
vt 0.709928 0.803988
vt 0.654072 0.787484
vt 0.647109 0.813506
vt 0.659596 0.791047
vt 0.641584 0.809942
vt 0.685077 0.797626
vt 0.695809 0.777510
vt 0.700705 0.780858
vt 0.703277 0.802983
vt 0.698966 0.800300
vt 0.684261 0.773157
vt 0.665937 0.819079
vt 0.730259 0.789249
vt 0.718765 0.824477
vt 0.734200 0.806389
vt 0.771898 0.788630
vt 0.768421 0.786876
vt 0.776436 0.785033
vt 0.772959 0.783279
vt 0.783389 0.788541
vt 0.779913 0.786787
vt 0.755228 0.767970
vt 0.762975 0.776552
vt 0.751362 0.784352
vt 0.737231 0.809608
vt 0.748844 0.801808
vt 0.245386 0.783581
vt 0.786865 0.790295
vt 0.782328 0.793893
vt 0.785804 0.795647
vt 0.784743 0.800998
vt 0.789281 0.797401
vt 0.761761 0.801177
vt 0.755302 0.801493
vt 0.757425 0.790789
vt 0.753180 0.812196
vt 0.751057 0.822899
vt 0.679241 0.821089
vt 0.678425 0.796621
vt 0.672589 0.820084
vt 0.305536 0.723932
vt 0.310785 0.748693
vt 0.300313 0.726045
vt 0.336979 0.818750
vt 0.331039 0.819851
vt 0.746721 0.812511
vt 0.766006 0.779770
vt 0.768714 0.804685
vt 0.771129 0.811791
vt 0.764176 0.808283
vt 0.766591 0.815388
vt 0.793819 0.793803
vt 0.790342 0.792049
vt 0.781266 0.799244
vt 0.777790 0.797490
vt 0.731682 0.823846
vt 0.751013 0.761472
vt 0.749769 0.758104
vt 0.769483 0.781525
vt 0.725223 0.824161
vt 0.671773 0.795616
vt 0.699196 0.824103
vt 0.692545 0.823099
vt 0.689973 0.800974
vt 0.685893 0.822094
vt 0.717273 0.737280
vt 0.712377 0.733932
vt 0.707481 0.730584
vt 0.722985 0.765096
vt 0.731097 0.745405
vt 0.675709 0.734939
vt 0.671277 0.729343
vt 0.689290 0.710448
vt 0.693721 0.716044
vt 0.660378 0.680055
vt 0.653624 0.677642
vt 0.667544 0.683240
vt 0.646870 0.675228
vt 0.274350 0.793822
vt 0.263710 0.780984
vt 0.627541 0.767632
vt 0.633066 0.771196
vt 0.635461 0.738696
vt 0.607164 0.692320
vt 0.602391 0.690129
vt 0.603663 0.786368
vt 0.608547 0.788692
vt 0.613917 0.694734
vt 0.619856 0.665575
vt 0.619485 0.795687
vt 0.613960 0.792123
vt 0.625010 0.799250
vt 0.638591 0.774760
vt 0.576424 0.742391
vt 0.571879 0.740718
vt 0.565712 0.769359
vt 0.551449 0.762594
vt 0.567334 0.739044
vt 0.598478 0.650820
vt 0.592628 0.645884
vt 0.515866 0.767009
vt 0.536387 0.762707
vt 0.530795 0.764500
vt 0.527485 0.727219
vt 0.530281 0.726322
vt 0.552049 0.664099
vt 0.479670 0.762216
vt 0.485181 0.764276
vt 0.480146 0.724084
vt 0.503258 0.767636
vt 0.543953 0.610286
vt 0.534037 0.608664
vt 0.551803 0.610784
vt 0.528254 0.609291
vt 0.524752 0.617809
vt 0.513387 0.613877
vt 0.454227 0.731270
vt 0.424725 0.681470
vt 0.413658 0.655673
vt 0.550037 0.596495
vt 0.425903 0.713391
vt 0.423548 0.649550
vt 0.420251 0.651591
vt 0.563939 0.765844
vt 0.559364 0.764273
vt 0.539820 0.608036
vt 0.479489 0.602673
vt 0.477017 0.604952
vt 0.485013 0.602714
vt 0.489878 0.608496
vt 0.483119 0.609594
vt 0.494166 0.609677
vt 0.477595 0.609552
vt 0.465447 0.603297
vt 0.460444 0.730696
vt 0.465625 0.665994
vt 0.472886 0.695039
vt 0.350533 0.758859
vt 0.344446 0.762942
vt 0.327171 0.743366
vt 0.554788 0.762702
vt 0.372692 0.739462
vt 0.403343 0.785760
vt 0.384974 0.764652
vt 0.355526 0.753244
vt 0.456027 0.623478
vt 0.453294 0.627371
vt 0.292611 0.824004
vt 0.302916 0.823580
vt 0.325100 0.820952
vt 0.308688 0.799406
vt 0.291381 0.758525
vt 0.299622 0.751907
vt 0.272001 0.824852
vt 0.255539 0.785701
vt 0.226862 0.794595
vt 0.220414 0.790272
vt 0.237977 0.787987
vt 0.239759 0.803240
vt 0.458759 0.619584
vt 0.271177 0.741112
vt 0.268160 0.745618
vt 0.274195 0.736607
vt 0.265142 0.750123
vt 0.391808 0.665043
vt 0.398049 0.692927
vt 0.385827 0.666667
vt 0.463781 0.607040
vt 0.535479 0.604997
vt 0.481962 0.600394
vt 0.364914 0.773934
vt 0.604328 0.655757
vt 0.480438 0.646678
vt 0.474544 0.607231
vt 0.488064 0.605035
vt 0.426844 0.647509
s 0
usemtl Material.001
f 1/1/1 110/2/1 32/3/1
f 524/4/2 402/5/2 765/6/2
f 1/1/3 34/7/3 55/8/3
f 2/9/4 30/10/4 39/11/4
f 435/12/5 674/13/5 673/14/5
f 133/15/6 37/16/6 136/17/6
f 641/18/7 404/19/7 758/20/7
f 3/21/8 40/22/8 67/23/8
f 257/24/9 258/25/9 665/26/9
f 36/27/10 44/28/10 62/29/10
f 4/30/11 46/31/11 119/32/11
f 5/33/12 47/34/12 51/35/12
f 6/36/13 48/37/13 52/38/13
f 7/39/14 49/40/14 191/41/14
f 219/42/15 210/43/15 166/44/15
f 103/45/16 16/46/16 37/16/16
f 26/47/17 71/48/17 123/49/17
f 850/50/18 849/51/18 425/52/18
f 34/7/19 106/53/19 55/8/19
f 48/37/20 75/54/20 52/38/20
f 202/55/21 208/56/21 222/57/21
f 49/40/22 249/58/22 191/41/22
f 99/59/23 4/30/23 63/60/23
f 234/61/24 181/62/24 202/55/24
f 145/63/25 227/64/25 199/65/25
f 224/66/26 223/67/26 160/68/26
f 190/69/27 165/70/27 208/56/27
f 61/71/28 70/72/28 90/73/28
f 14/74/29 59/75/29 96/76/29
f 18/77/30 99/59/30 63/60/30
f 18/77/31 100/78/31 99/59/31
f 187/79/32 166/44/32 218/80/32
f 105/81/33 58/82/33 15/83/33
f 183/84/34 217/85/34 188/86/34
f 13/87/35 107/88/35 58/82/35
f 141/89/36 122/90/36 191/41/36
f 163/91/37 168/92/37 184/93/37
f 141/89/38 200/94/38 193/95/38
f 78/96/39 29/97/39 76/98/39
f 11/99/40 112/100/40 54/101/40
f 236/102/41 160/68/41 234/61/41
f 59/75/42 67/23/42 96/76/42
f 19/103/43 64/104/43 84/105/43
f 2/9/44 115/106/44 30/10/44
f 115/106/45 100/78/45 30/10/45
f 112/100/46 114/107/46 55/8/46
f 787/108/47 461/109/47 339/110/47
f 2/9/48 57/111/48 111/112/48
f 176/113/49 182/114/49 144/115/49
f 56/116/50 3/21/50 59/75/50
f 67/23/51 83/117/51 22/118/51
f 22/118/52 82/119/52 43/120/52
f 58/82/53 60/121/53 15/83/53
f 58/82/54 35/122/54 60/121/54
f 114/107/55 11/99/55 113/123/55
f 106/53/56 13/87/56 58/82/56
f 105/81/57 15/83/57 36/27/57
f 104/124/58 62/29/58 17/125/58
f 54/101/59 36/27/59 62/29/59
f 156/126/60 176/113/60 242/127/60
f 80/128/61 81/129/61 79/130/61
f 61/71/62 38/131/62 8/132/62
f 99/59/63 137/133/63 138/134/63
f 99/59/64 101/135/64 137/133/64
f 270/136/65 663/137/65 595/138/65
f 115/106/66 111/112/66 9/139/66
f 57/111/67 126/140/67 65/141/67
f 180/142/68 151/143/68 143/144/68
f 64/104/69 41/145/69 5/33/69
f 64/104/70 97/146/70 41/145/70
f 96/76/71 67/23/71 22/118/71
f 94/147/72 96/76/72 22/118/72
f 95/148/73 14/74/73 96/76/73
f 66/149/74 43/120/74 6/36/74
f 222/57/75 165/70/75 220/150/75
f 178/151/76 224/66/76 203/152/76
f 91/153/77 92/154/77 93/155/77
f 91/153/78 24/156/78 45/157/78
f 90/73/79 70/72/79 25/158/79
f 619/159/80 266/160/80 620/161/80
f 88/162/81 90/73/81 25/158/81
f 88/162/82 89/163/82 90/73/82
f 138/134/83 139/164/83 132/165/83
f 87/166/84 71/48/84 26/47/84
f 63/60/85 4/30/85 71/48/85
f 85/167/86 26/47/86 130/168/86
f 128/169/87 87/166/87 85/167/87
f 86/170/88 18/77/88 87/166/88
f 41/145/89 47/34/89 5/33/89
f 84/105/90 72/171/90 27/172/90
f 118/173/91 246/174/91 123/49/91
f 604/175/92 737/176/92 486/177/92
f 11/99/93 103/45/93 31/178/93
f 53/179/94 110/2/94 1/1/94
f 248/180/95 193/95/95 153/181/95
f 201/182/96 207/183/96 225/184/96
f 79/130/97 28/185/97 49/40/97
f 102/186/98 61/71/98 16/46/98
f 78/96/99 68/187/99 74/188/99
f 117/189/100 31/178/100 133/15/100
f 76/98/101 29/97/101 50/190/101
f 70/72/102 8/132/102 152/191/102
f 118/173/103 25/158/103 247/192/103
f 123/49/104 71/48/104 119/32/104
f 71/48/105 4/30/105 119/32/105
f 120/193/106 26/47/106 123/49/106
f 805/194/107 627/195/107 628/196/107
f 73/197/108 6/36/108 52/38/108
f 249/58/109 28/185/109 121/198/109
f 377/199/110 498/200/110 843/201/110
f 50/190/111 29/97/111 248/180/111
f 195/202/112 203/152/112 236/102/112
f 119/32/113 46/31/113 118/173/113
f 46/31/114 25/158/114 118/173/114
f 62/29/115 77/203/115 17/125/115
f 232/204/116 231/205/116 156/126/116
f 44/28/117 77/203/117 62/29/117
f 38/131/118 50/190/118 8/132/118
f 40/22/119 19/103/119 83/117/119
f 210/43/120 211/206/120 149/207/120
f 65/141/121 86/170/121 131/208/121
f 39/11/122 18/77/122 86/170/122
f 100/78/123 101/135/123 99/59/123
f 37/16/124 16/46/124 89/163/124
f 44/28/125 36/27/125 92/154/125
f 33/209/126 57/111/126 98/210/126
f 194/211/127 195/202/127 246/174/127
f 32/3/128 12/212/128 108/213/128
f 32/3/129 110/2/129 12/212/129
f 31/178/130 113/123/130 11/99/130
f 117/189/131 10/214/131 113/123/131
f 110/2/132 116/215/132 9/139/132
f 131/208/133 86/170/133 128/169/133
f 129/216/134 130/168/134 47/34/134
f 129/216/135 85/167/135 130/168/135
f 125/217/136 129/216/136 41/145/136
f 125/217/137 128/169/137 129/216/137
f 128/169/138 85/167/138 129/216/138
f 132/165/139 139/164/139 46/31/139
f 63/60/140 87/166/140 18/77/140
f 101/135/141 133/15/141 136/17/141
f 137/133/142 101/135/142 134/218/142
f 101/135/143 136/17/143 134/218/143
f 138/134/144 135/219/144 139/164/144
f 23/220/145 78/96/145 77/203/145
f 4/30/146 132/165/146 46/31/146
f 57/111/147 126/140/147 98/210/147
f 138/134/148 132/165/148 4/30/148
f 97/146/149 98/210/149 127/221/149
f 20/222/150 125/217/150 41/145/150
f 88/162/151 25/158/151 46/31/151
f 85/167/152 87/166/152 26/47/152
f 128/169/153 86/170/153 87/166/153
f 41/145/154 129/216/154 47/34/154
f 47/34/155 130/168/155 26/47/155
f 140/223/156 75/54/156 151/143/156
f 180/142/157 159/224/157 221/225/157
f 94/147/158 43/120/158 66/149/158
f 27/172/159 124/226/159 75/54/159
f 142/227/160 178/151/160 203/152/160
f 88/162/161 139/164/161 135/219/161
f 21/228/162 66/149/162 81/129/162
f 717/229/163 424/230/163 716/231/163
f 146/232/164 184/93/164 189/233/164
f 546/234/165 706/235/165 426/236/165
f 169/237/166 213/238/166 211/206/166
f 159/224/167 220/150/167 221/225/167
f 163/91/168 206/239/168 167/240/168
f 167/240/169 216/241/169 168/92/169
f 248/180/170 8/132/170 50/190/170
f 198/242/171 156/126/171 244/243/171
f 166/44/172 210/43/172 209/244/172
f 242/127/173 197/245/173 155/246/173
f 161/247/174 204/248/174 210/43/174
f 151/143/175 220/150/175 174/249/175
f 151/143/176 221/225/176 220/150/176
f 207/183/177 189/233/177 215/250/177
f 160/68/178 223/67/178 181/62/178
f 239/251/179 226/252/179 179/253/179
f 239/251/180 199/65/180 227/64/180
f 182/114/181 219/42/181 187/79/181
f 117/189/182 100/78/182 115/106/182
f 136/17/183 89/163/183 134/218/183
f 796/254/184 798/255/184 393/256/184
f 151/143/185 196/257/185 233/258/185
f 73/197/186 121/198/186 28/185/186
f 698/259/187 314/260/187 495/261/187
f 185/262/188 214/263/188 190/69/188
f 238/264/189 237/265/189 158/266/189
f 239/251/190 240/267/190 199/65/190
f 194/211/191 247/192/191 172/268/191
f 102/186/192 104/124/192 17/125/192
f 281/269/193 643/270/193 524/4/193
f 7/39/194 68/187/194 45/157/194
f 239/251/195 152/191/195 248/180/195
f 144/115/196 187/79/196 205/271/196
f 181/62/197 185/262/197 147/272/197
f 191/41/198 170/273/198 141/89/198
f 151/143/199 171/274/199 143/144/199
f 151/143/200 51/35/200 171/274/200
f 107/88/201 35/122/201 58/82/201
f 531/275/202 411/276/202 672/277/202
f 248/180/203 153/181/203 239/251/203
f 253/278/204 665/26/204 257/24/204
f 194/211/205 172/268/205 142/227/205
f 227/64/206 163/91/206 226/252/206
f 15/83/207 92/154/207 36/27/207
f 662/279/208 298/280/208 478/281/208
f 81/129/209 28/185/209 79/130/209
f 192/282/210 140/223/210 198/242/210
f 241/283/211 157/284/211 240/267/211
f 197/245/212 176/113/212 144/115/212
f 54/101/213 104/124/213 11/99/213
f 213/238/214 189/233/214 168/92/214
f 199/65/215 177/285/215 145/63/215
f 251/286/216 239/251/216 237/265/216
f 201/182/217 179/253/217 146/232/217
f 237/265/218 239/251/218 179/253/218
f 12/212/219 59/75/219 108/213/219
f 64/104/220 72/171/220 84/105/220
f 202/55/221 181/62/221 147/272/221
f 91/153/222 68/187/222 23/220/222
f 233/258/223 204/248/223 161/247/223
f 239/251/224 227/64/224 226/252/224
f 216/241/225 149/207/225 168/92/225
f 232/204/226 151/143/226 233/258/226
f 162/287/227 228/288/227 230/289/227
f 230/289/228 205/271/228 162/287/228
f 830/290/229 381/291/229 829/292/229
f 246/174/230 154/293/230 245/294/230
f 228/288/231 229/295/231 230/289/231
f 95/148/232 94/147/232 21/228/232
f 116/215/233 115/106/233 9/139/233
f 503/296/234 262/297/234 437/298/234
f 179/253/235 184/93/235 146/232/235
f 179/253/236 226/252/236 184/93/236
f 226/252/237 163/91/237 184/93/237
f 31/178/238 37/16/238 133/15/238
f 214/263/239 213/238/239 169/237/239
f 223/67/240 164/299/240 185/262/240
f 30/10/241 18/77/241 39/11/241
f 174/249/242 220/150/242 186/300/242
f 220/150/243 165/70/243 186/300/243
f 219/42/244 161/247/244 210/43/244
f 118/173/245 75/54/245 122/90/245
f 27/172/246 82/119/246 84/105/246
f 217/85/247 162/287/247 218/80/247
f 216/241/248 166/44/248 209/244/248
f 12/212/249 109/301/249 56/116/249
f 192/282/250 244/243/250 150/302/250
f 835/303/251 380/304/251 834/305/251
f 174/249/252 148/306/252 196/257/252
f 210/43/253 165/70/253 212/307/253
f 209/244/254 210/43/254 149/207/254
f 210/43/255 169/237/255 211/206/255
f 186/300/256 165/70/256 210/43/256
f 832/308/257 617/309/257 833/310/257
f 189/233/258 184/93/258 168/92/258
f 39/11/259 65/141/259 126/140/259
f 203/152/260 224/66/260 160/68/260
f 51/35/261 245/294/261 171/274/261
f 200/94/262 229/295/262 157/284/262
f 147/272/263 190/69/263 208/56/263
f 178/151/264 238/264/264 158/266/264
f 122/90/265 75/54/265 249/58/265
f 152/191/266 122/90/266 121/198/266
f 398/311/267 638/312/267 778/313/267
f 838/314/268 379/315/268 837/316/268
f 77/203/269 76/98/269 17/125/269
f 600/317/270 744/318/270 361/319/270
f 654/320/271 538/321/271 327/322/271
f 383/323/272 820/324/272 821/325/272
f 172/268/273 118/173/273 194/211/273
f 150/302/274 243/326/274 170/273/274
f 29/97/275 122/90/275 248/180/275
f 294/327/276 650/328/276 564/329/276
f 151/143/277 198/242/277 140/223/277
f 16/46/278 90/73/278 89/163/278
f 170/273/279 175/330/279 141/89/279
f 161/247/280 231/205/280 233/258/280
f 60/121/281 93/155/281 15/83/281
f 10/214/282 114/107/282 113/123/282
f 659/331/283 252/332/283 531/275/283
f 252/332/284 269/333/284 253/278/284
f 253/278/285 254/334/285 269/333/285
f 137/133/286 135/219/286 138/134/286
f 134/218/287 88/162/287 135/219/287
f 33/209/288 40/22/288 3/21/288
f 249/58/289 170/273/289 191/41/289
f 35/122/290 69/335/290 60/121/290
f 508/336/291 272/337/291 469/338/291
f 43/120/292 48/37/292 6/36/292
f 632/339/293 308/340/293 489/341/293
f 69/335/294 80/128/294 24/156/294
f 245/294/295 173/342/295 171/274/295
f 75/54/296 192/282/296 52/38/296
f 42/343/297 21/228/297 80/128/297
f 110/2/298 111/112/298 109/301/298
f 26/47/299 51/35/299 47/34/299
f 225/184/300 164/299/300 223/67/300
f 173/342/301 143/144/301 171/274/301
f 17/125/302 38/131/302 102/186/302
f 70/72/303 247/192/303 25/158/303
f 93/155/304 24/156/304 91/153/304
f 52/38/305 150/302/305 249/58/305
f 751/344/306 750/345/306 411/276/306
f 56/116/307 33/209/307 3/21/307
f 158/266/308 225/184/308 224/66/308
f 235/346/309 234/61/309 159/224/309
f 193/95/310 241/283/310 153/181/310
f 631/347/311 392/348/311 804/349/311
f 205/271/312 218/80/312 162/287/312
f 549/350/313 428/351/313 703/352/313
f 66/149/314 73/197/314 81/129/314
f 144/115/315 230/289/315 197/245/315
f 108/213/316 13/87/316 34/7/316
f 530/353/317 410/354/317 334/355/317
f 83/117/318 84/105/318 82/119/318
f 154/293/319 236/102/319 235/346/319
f 295/356/320 657/357/320 565/358/320
f 24/156/321 79/130/321 45/157/321
f 669/359/322 325/360/322 567/361/322
f 512/362/323 309/363/323 510/364/323
f 240/267/324 177/285/324 199/65/324
f 354/365/325 722/366/325 475/367/325
f 658/368/326 300/369/326 480/370/326
f 658/368/327 359/371/327 718/372/327
f 815/373/328 385/374/328 814/375/328
f 164/299/329 215/250/329 214/263/329
f 57/111/330 109/301/330 111/112/330
f 336/376/331 497/377/331 458/378/331
f 323/379/332 725/380/332 445/381/332
f 385/374/333 623/382/333 823/383/333
f 92/154/334 23/220/334 44/28/334
f 413/384/335 680/385/335 679/386/335
f 74/188/336 191/41/336 122/90/336
f 35/122/337 95/148/337 42/343/337
f 217/85/338 167/240/338 188/86/338
f 157/284/339 228/288/339 177/285/339
f 20/222/340 97/146/340 127/221/340
f 310/387/341 507/388/341 584/389/341
f 175/330/342 229/295/342 200/94/342
f 261/390/343 436/391/343 615/392/343
f 282/393/344 459/394/344 500/395/344
f 618/396/345 343/397/345 585/398/345
f 492/399/346 836/400/346 835/303/346
f 282/393/347 500/395/347 616/401/347
f 519/402/348 281/269/348 638/312/348
f 263/403/349 438/404/349 504/405/349
f 505/406/350 286/407/350 621/408/350
f 20/222/351 128/169/351 125/217/351
f 545/409/352 709/410/352 425/52/352
f 625/411/353 811/412/353 386/413/353
f 309/363/354 490/414/354 510/364/354
f 512/362/355 390/415/355 793/416/355
f 803/417/356 391/418/356 513/419/356
f 800/420/357 393/256/357 515/421/357
f 775/422/358 520/423/358 519/402/358
f 517/424/359 268/425/359 441/426/359
f 634/427/360 307/428/360 635/429/360
f 268/425/361 517/424/361 639/430/361
f 284/431/362 460/432/362 640/433/362
f 643/270/363 419/434/363 729/435/363
f 281/269/364 524/4/364 642/436/364
f 306/437/365 487/438/365 525/439/365
f 281/269/366 521/440/366 603/441/366
f 293/442/367 755/443/367 443/444/367
f 252/332/368 444/445/368 531/275/368
f 294/327/369 474/446/369 533/447/369
f 799/448/370 632/339/370 393/256/370
f 577/449/371 486/177/371 737/176/371
f 281/269/372 455/450/372 536/451/372
f 186/300/373 210/43/373 148/306/373
f 112/100/374 36/27/374 54/101/374
f 108/213/375 1/1/375 32/3/375
f 538/321/376 684/452/376 418/453/376
f 281/269/377 536/451/377 544/454/377
f 278/455/378 539/456/378 601/457/378
f 124/226/379 770/458/379 769/459/379
f 547/460/380 426/236/380 706/235/380
f 704/461/381 429/462/381 703/352/381
f 663/137/382 702/463/382 427/464/382
f 551/465/383 697/466/383 431/467/383
f 695/468/384 433/469/384 694/470/384
f 691/471/385 670/472/385 434/473/385
f 273/474/386 468/475/386 667/476/386
f 546/234/387 433/469/387 669/359/387
f 684/452/388 454/477/388 418/453/388
f 299/478/389 479/479/389 666/480/389
f 650/328/390 412/481/390 752/482/390
f 276/483/391 451/484/391 599/485/391
f 301/486/392 555/487/392 649/488/392
f 555/487/393 673/14/393 649/488/393
f 671/489/394 543/490/394 674/13/394
f 360/491/395 675/492/395 481/493/395
f 360/491/396 676/494/396 675/492/396
f 330/495/397 571/496/397 677/497/397
f 532/498/398 301/486/398 649/488/398
f 644/499/399 771/500/399 764/501/399
f 651/502/400 452/503/400 680/385/400
f 430/504/401 681/505/401 550/506/401
f 430/504/402 682/507/402 681/505/402
f 358/508/403 597/509/403 683/510/403
f 661/511/404 275/512/404 450/513/404
f 662/279/405 357/514/405 685/515/405
f 596/516/406 685/515/406 357/514/406
f 431/467/407 688/517/407 551/465/407
f 315/518/408 690/519/408 588/520/408
f 613/521/409 693/522/409 374/523/409
f 374/523/410 692/524/410 496/525/410
f 691/471/411 693/522/411 346/526/411
f 347/527/412 667/476/412 468/475/412
f 668/528/413 694/470/413 432/529/413
f 447/530/414 696/531/414 695/468/414
f 553/532/415 432/529/415 694/470/415
f 495/261/416 699/533/416 698/259/416
f 668/528/417 373/534/417 612/535/417
f 698/259/418 432/529/418 697/466/418
f 701/536/419 430/504/419 550/506/419
f 547/460/420 550/506/420 298/280/420
f 812/537/421 286/407/421 463/538/421
f 704/461/422 270/136/422 446/539/422
f 395/540/423 635/429/423 783/541/423
f 446/539/424 705/542/424 704/461/424
f 477/543/425 708/544/425 707/545/425
f 707/545/426 427/464/426 706/235/426
f 1/1/427 114/107/427 53/179/427
f 540/546/428 355/547/428 594/548/428
f 476/549/429 711/550/429 710/551/429
f 710/551/430 420/552/430 709/410/430
f 362/553/431 712/554/431 483/555/431
f 362/553/432 713/556/432 712/554/432
f 419/434/433 655/557/433 714/558/433
f 424/230/434 715/559/434 660/560/434
f 715/559/435 684/452/435 454/477/435
f 280/561/436 717/229/436 653/562/436
f 121/198/437 118/173/437 152/191/437
f 598/563/438 718/372/438 359/371/438
f 719/564/439 422/565/439 718/372/439
f 719/564/440 275/512/440 541/566/440
f 722/366/441 422/565/441 542/567/441
f 475/367/320 542/567/320 295/356/320
f 721/568/442 658/368/442 422/565/442
f 565/358/320 726/569/320 323/379/320
f 445/381/443 540/546/443 269/333/443
f 725/380/444 420/552/444 540/546/444
f 402/5/445 643/270/445 729/435/445
f 173/342/446 235/346/446 180/142/446
f 126/140/447 2/9/447 39/11/447
f 416/570/448 732/571/448 653/562/448
f 416/570/449 733/572/449 732/571/449
f 335/573/450 575/574/450 734/575/450
f 415/576/451 735/577/451 731/578/451
f 738/579/452 736/580/452 576/581/452
f 456/582/453 738/579/453 737/176/453
f 410/354/454 457/583/454 409/584/454
f 484/585/455 410/354/455 530/353/455
f 742/586/456 302/587/456 527/588/456
f 407/589/457 648/590/457 743/591/457
f 534/592/458 746/593/458 745/594/458
f 745/594/459 405/595/459 744/318/459
f 745/594/460 277/596/460 534/592/460
f 413/384/461 747/597/461 651/502/461
f 353/598/462 749/599/462 748/600/462
f 592/601/463 652/602/463 749/599/463
f 322/603/464 752/482/464 751/344/464
f 444/445/465 751/344/465 531/275/465
f 216/241/466 218/80/466 166/44/466
f 408/604/467 648/590/467 407/589/467
f 756/605/468 305/606/468 485/607/468
f 400/608/469 641/18/469 758/20/469
f 404/19/470 759/609/470 645/610/470
f 404/19/471 760/611/471 759/609/471
f 365/612/472 605/613/472 761/614/472
f 401/615/473 762/616/473 522/617/473
f 764/501/474 247/192/474 762/616/474
f 524/4/475 763/618/475 642/436/475
f 442/619/476 767/620/476 766/621/476
f 766/621/477 352/622/477 442/619/477
f 766/621/478 403/623/478 765/6/478
f 401/615/479 768/624/479 642/436/479
f 637/625/480 518/626/480 770/458/480
f 472/627/481 769/459/481 522/617/481
f 399/628/482 772/629/482 520/423/482
f 399/628/483 773/630/483 772/629/483
f 338/631/484 580/632/484 774/633/484
f 398/311/485 775/422/485 519/402/485
f 517/424/486 776/634/486 639/430/486
f 397/635/487 778/313/487 638/312/487
f 778/313/488 639/430/488 398/311/488
f 396/636/489 782/637/489 636/638/489
f 427/464/490 701/536/490 547/460/490
f 366/639/491 636/638/491 782/637/491
f 395/540/492 784/640/492 635/429/492
f 785/641/493 561/642/493 786/643/493
f 849/51/494 545/409/494 425/52/494
f 788/644/495 787/108/495 634/427/495
f 788/644/496 633/645/496 789/646/496
f 285/647/497 789/646/497 633/645/497
f 394/648/498 790/649/498 633/645/498
f 391/418/499 633/645/499 790/649/499
f 190/69/500 169/237/500 212/307/500
f 387/650/501 512/362/501 793/416/501
f 802/651/502 804/349/502 392/348/502
f 278/455/503 648/590/503 529/652/503
f 796/254/504 489/341/504 367/653/504
f 290/654/505 631/347/505 560/655/505
f 799/448/506 801/656/506 389/657/506
f 349/658/507 800/420/507 470/659/507
f 407/589/508 742/586/508 406/660/508
f 440/661/509 513/419/509 267/662/509
f 382/663/510 625/411/510 817/664/510
f 320/665/511 803/417/511 440/661/511
f 511/666/512 389/657/512 801/656/512
f 807/667/513 388/668/513 805/194/513
f 388/668/514 808/669/514 627/195/514
f 388/668/515 809/670/515 808/669/515
f 368/671/516 608/672/516 810/673/516
f 812/537/517 387/650/517 811/412/517
f 509/674/518 386/413/518 811/412/518
f 620/161/251 814/375/251 381/291/251
f 815/373/519 266/160/519 464/675/519
f 624/676/520 381/291/520 814/375/520
f 386/413/521 817/664/521 625/411/521
f 818/677/522 589/678/522 819/679/522
f 348/680/523 508/336/523 469/338/523
f 383/323/524 622/681/524 822/682/524
f 384/683/525 823/383/525 623/382/525
f 824/684/526 384/683/526 265/685/526
f 382/663/527 825/686/527 621/408/527
f 383/323/528 621/408/528 825/686/528
f 318/687/529 504/405/529 438/404/529
f 381/291/530 828/688/530 620/161/530
f 317/689/531 503/296/531 437/298/531
f 828/688/268 502/690/268 380/304/268
f 377/199/532 831/691/532 499/692/532
f 831/691/533 586/693/533 344/694/533
f 617/309/534 494/695/534 312/696/534
f 618/396/535 834/305/535 379/315/535
f 835/303/536 311/697/536 492/399/536
f 242/127/537 244/243/537 156/126/537
f 465/698/538 839/699/538 838/314/538
f 501/700/539 375/701/539 837/316/539
f 690/519/540 431/467/540 689/702/540
f 371/703/541 840/704/541 842/705/541
f 337/706/531 579/707/531 842/705/531
f 376/708/542 843/201/542 498/200/542
f 843/201/543 616/401/543 377/199/543
f 375/701/544 846/709/544 614/710/544
f 261/390/545 848/711/545 578/712/545
f 376/708/546 614/710/546 846/709/546
f 288/713/547 827/714/547 558/715/547
f 329/716/548 851/717/548 850/50/548
f 450/513/549 850/50/549 661/511/549
f 177/285/550 183/84/550 145/63/550
f 851/717/551 570/718/551 549/350/551
f 665/26/552 429/462/552 705/542/552
f 849/51/553 851/717/553 429/462/553
f 429/462/554 549/350/554 703/352/554
f 296/719/555 665/26/555 566/720/555
f 848/711/534 375/701/534 847/721/534
f 847/721/544 578/712/544 848/711/544
f 614/710/556 498/200/556 287/722/556
f 127/221/557 131/208/557 20/222/557
f 282/393/539 845/723/539 556/724/539
f 844/725/558 556/724/558 845/723/558
f 498/200/559 499/692/559 287/722/559
f 316/726/560 615/392/560 436/391/560
f 159/224/561 202/55/561 222/57/561
f 579/707/541 260/727/541 611/728/541
f 312/696/562 833/310/562 617/309/562
f 500/395/563 841/729/563 378/730/563
f 378/730/564 840/704/564 617/309/564
f 839/699/565 618/396/565 379/315/565
f 585/398/566 311/697/566 618/396/566
f 614/710/567 837/316/567 375/701/567
f 838/314/568 287/722/568 465/698/568
f 837/316/569 379/315/569 501/700/569
f 836/400/570 619/159/570 380/304/570
f 497/377/571 279/731/571 458/378/571
f 502/690/572 379/315/572 834/305/572
f 619/159/573 370/732/573 610/733/573
f 501/700/574 502/690/574 279/731/574
f 834/305/559 380/304/559 502/690/559
f 378/730/575 616/401/575 500/395/575
f 841/729/576 842/705/576 840/704/576
f 499/692/577 466/734/577 287/722/577
f 833/310/541 377/199/541 832/308/541
f 72/171/578 51/35/578 124/226/578
f 380/304/579 620/161/579 828/688/579
f 829/292/571 557/735/571 830/290/571
f 826/736/580 558/715/580 827/714/580
f 825/686/581 622/681/581 383/323/581
f 262/297/582 824/684/582 568/737/582
f 326/738/583 506/739/583 448/740/583
f 288/713/584 506/739/584 622/681/584
f 823/383/585 624/676/585 385/374/585
f 623/382/586 822/682/586 384/683/586
f 820/324/586 310/387/586 491/741/586
f 622/681/587 384/683/587 822/682/587
f 505/406/588 369/742/588 609/743/588
f 263/403/589 819/679/589 589/678/589
f 625/411/590 621/408/590 286/407/590
f 819/679/591 386/413/591 818/677/591
f 816/744/592 507/388/592 385/374/592
f 464/675/593 816/744/593 815/373/593
f 507/388/594 342/745/594 584/389/594
f 814/375/595 385/374/595 624/676/595
f 813/746/596 626/747/596 387/650/596
f 583/748/597 309/363/597 626/747/597
f 463/538/517 813/746/517 812/537/517
f 626/747/598 341/749/598 583/748/598
f 811/412/599 387/650/599 509/674/599
f 810/673/600 462/750/600 340/751/600
f 810/673/601 608/672/601 462/750/601
f 608/672/602 264/752/602 462/750/602
f 808/669/603 810/673/603 340/751/603
f 808/669/604 809/670/604 810/673/604
f 809/670/605 368/671/605 810/673/605
f 627/195/606 582/753/606 308/340/606
f 627/195/607 808/669/607 582/753/607
f 808/669/608 340/751/608 582/753/608
f 553/532/609 687/754/609 686/755/609
f 807/667/610 512/362/610 510/364/610
f 390/415/596 629/756/596 794/757/596
f 806/758/611 390/415/611 807/667/611
f 628/196/612 627/195/612 308/340/612
f 806/758/613 805/194/613 389/657/613
f 392/348/614 514/759/614 802/651/614
f 560/655/615 804/349/615 320/665/615
f 802/651/616 630/760/616 391/418/616
f 514/759/617 285/647/617 630/760/617
f 590/761/618 259/762/618 511/666/618
f 470/659/619 515/421/619 290/654/619
f 590/761/620 801/656/620 349/658/620
f 797/763/621 367/653/621 607/764/621
f 797/763/622 392/348/622 798/255/622
f 796/254/623 393/256/623 632/339/623
f 319/765/624 629/756/624 439/766/624
f 793/416/625 509/674/625 387/650/625
f 794/757/626 559/767/626 795/768/626
f 792/769/627 394/648/627 791/770/627
f 790/649/628 513/419/628 391/418/628
f 633/645/629 630/760/629 285/647/629
f 267/662/630 792/769/630 591/771/630
f 339/110/631 634/427/631 787/108/631
f 45/157/632 49/40/632 7/39/632
f 321/772/633 517/424/633 441/426/633
f 784/640/634 516/773/634 788/644/634
f 786/643/635 395/540/635 785/641/635
f 782/637/636 488/774/636 366/639/636
f 636/638/637 606/775/637 284/431/637
f 307/428/638 783/541/638 635/429/638
f 781/776/639 472/627/639 124/226/639
f 351/777/640 518/626/640 292/778/640
f 779/779/641 351/777/641 780/780/641
f 780/780/642 397/635/642 779/779/642
f 636/638/643 640/433/643 777/781/643
f 396/636/644 777/781/644 776/634/644
f 776/634/645 775/422/645 398/311/645
f 774/633/646 641/18/646 400/608/646
f 774/633/647 580/632/647 641/18/647
f 580/632/648 306/437/648 641/18/648
f 772/629/649 774/633/649 400/608/649
f 772/629/650 773/630/650 774/633/650
f 773/630/651 338/631/651 774/633/651
f 520/423/652 521/440/652 281/269/652
f 520/423/653 772/629/653 521/440/653
f 772/629/654 400/608/654 521/440/654
f 769/459/655 768/624/655 401/615/655
f 642/436/656 638/312/656 281/269/656
f 770/458/657 397/635/657 768/624/657
f 767/620/658 644/499/658 403/623/658
f 563/782/659 473/783/659 644/499/659
f 523/784/660 765/6/660 402/5/660
f 238/264/661 142/227/661 172/268/661
f 765/6/662 403/623/662 524/4/662
f 762/616/663 562/785/663 522/617/663
f 763/618/664 762/616/664 401/615/664
f 522/617/665 562/785/665 472/627/665
f 403/623/666 764/501/666 763/618/666
f 761/614/667 646/786/667 740/787/667
f 761/614/668 605/613/668 646/786/668
f 605/613/669 283/788/669 646/786/669
f 759/609/670 761/614/670 740/787/670
f 759/609/671 760/611/671 761/614/671
f 760/611/672 365/612/672 761/614/672
f 645/610/673 526/789/673 305/606/673
f 645/610/674 759/609/674 526/789/674
f 759/609/675 740/787/675 526/789/675
f 645/610/676 758/20/676 404/19/676
f 641/18/677 306/437/677 525/439/677
f 757/790/678 485/607/678 364/791/678
f 123/49/679 245/294/679 120/193/679
f 521/440/680 364/791/680 603/441/680
f 755/443/681 528/792/681 406/660/681
f 406/660/682 647/793/682 405/595/682
f 750/345/683 649/488/683 411/276/683
f 352/622/684 528/792/684 293/442/684
f 647/793/685 302/587/685 482/794/685
f 530/353/686 753/795/686 484/585/686
f 409/584/687 334/355/687 410/354/687
f 412/481/688 532/498/688 750/345/688
f 752/482/689 564/329/689 650/328/689
f 750/345/690 752/482/690 412/481/690
f 474/446/691 748/600/691 533/447/691
f 651/502/692 534/592/692 277/596/692
f 749/599/693 414/796/693 747/597/693
f 746/593/694 755/443/694 405/595/694
f 652/602/695 443/444/695 755/443/695
f 647/793/696 361/319/696 744/318/696
f 755/443/697 414/796/697 652/602/697
f 744/318/698 405/595/698 647/793/698
f 648/590/699 332/797/699 743/591/699
f 573/798/700 743/591/700 332/797/700
f 350/799/701 516/773/701 471/800/701
f 409/584/702 457/583/702 741/801/702
f 740/787/703 741/801/703 738/579/703
f 740/787/704 646/786/704 741/801/704
f 646/786/705 409/584/705 741/801/705
f 740/787/706 738/579/706 526/789/706
f 526/789/707 576/581/707 305/606/707
f 345/802/708 731/578/708 735/577/708
f 731/578/709 345/802/709 313/803/709
f 415/576/710 602/804/710 735/577/710
f 734/575/711 535/805/711 417/806/711
f 734/575/712 575/574/712 535/805/712
f 575/574/713 304/807/713 535/805/713
f 732/571/714 734/575/714 417/806/714
f 732/571/715 733/572/715 734/575/715
f 733/572/716 335/573/716 734/575/716
f 653/562/717 537/808/717 280/561/717
f 653/562/436 732/571/436 537/808/436
f 732/571/718 417/806/718 537/808/718
f 730/809/719 654/320/719 327/322/719
f 418/453/720 327/322/720 538/321/720
f 523/784/721 408/604/721 754/810/721
f 402/5/722 727/811/722 728/812/722
f 727/811/723 278/455/723 529/652/723
f 728/812/724 529/652/724 408/604/724
f 726/569/442 657/357/442 421/813/442
f 389/657/725 628/196/725 799/448/725
f 724/814/726 656/815/726 420/552/726
f 724/814/727 726/569/727 421/813/727
f 656/815/728 541/566/728 275/512/728
f 724/814/729 421/813/729 541/566/729
f 516/773/730 291/816/730 471/800/730
f 543/490/731 423/817/731 674/13/731
f 593/818/732 723/819/732 354/365/732
f 721/568/733 723/819/733 423/817/733
f 291/816/734 786/643/734 561/642/734
f 423/817/735 659/331/735 672/277/735
f 720/820/736 542/567/736 422/565/736
f 541/566/737 720/820/737 719/564/737
f 542/567/442 421/813/442 657/357/442
f 718/372/738 422/565/738 658/368/738
f 454/477/739 660/560/739 715/559/739
f 660/560/740 574/821/740 303/822/740
f 416/570/741 544/454/741 536/451/741
f 714/558/742 544/454/742 424/230/742
f 714/558/743 655/557/743 544/454/743
f 655/557/744 281/269/744 544/454/744
f 712/554/745 714/558/745 424/230/745
f 712/554/746 713/556/746 714/558/746
f 713/556/747 419/434/747 714/558/747
f 483/555/748 660/560/748 303/822/748
f 483/555/749 712/554/749 660/560/749
f 712/554/750 424/230/750 660/560/750
f 711/550/751 540/546/751 420/552/751
f 594/548/752 269/333/752 540/546/752
f 710/551/753 296/719/753 476/549/753
f 656/815/754 425/52/754 709/410/754
f 709/410/755 420/552/755 656/815/755
f 708/544/756 663/137/756 427/464/756
f 148/306/757 233/258/757 196/257/757
f 707/545/758 297/823/758 477/543/758
f 663/137/65 356/824/65 595/138/65
f 297/823/759 669/359/759 567/361/759
f 706/235/760 427/464/760 547/460/760
f 665/26/761 324/825/761 566/720/761
f 548/826/762 703/352/762 428/351/762
f 702/463/763 548/826/763 428/351/763
f 700/827/764 666/480/764 430/504/764
f 700/827/765 702/463/765 428/351/765
f 666/480/766 664/828/766 299/478/766
f 700/827/767 428/351/767 664/828/767
f 699/533/768 668/528/768 432/529/768
f 612/535/769 271/829/769 668/528/769
f 552/830/770 431/467/770 697/466/770
f 65/141/771 98/210/771 126/140/771
f 667/476/772 552/830/772 273/474/772
f 697/466/773 432/529/773 552/830/773
f 696/531/774 669/359/774 433/469/774
f 98/210/775 19/103/775 40/22/775
f 108/213/776 14/74/776 107/88/776
f 695/468/777 271/829/777 447/530/777
f 552/830/778 553/532/778 273/474/778
f 694/470/779 433/469/779 553/532/779
f 693/522/780 467/831/780 346/526/780
f 613/521/781 255/832/781 467/831/781
f 688/517/782 554/833/782 434/473/782
f 670/472/783 587/834/783 314/260/783
f 691/471/784 346/526/784 587/834/784
f 689/702/785 588/520/785 690/519/785
f 692/524/786 434/473/786 554/833/786
f 551/465/787 670/472/787 314/260/787
f 496/525/788 554/833/788 315/518/788
f 687/754/789 546/234/789 426/236/789
f 686/755/790 273/474/790 553/532/790
f 686/755/791 426/236/791 685/515/791
f 685/515/792 426/236/792 662/279/792
f 333/835/793 574/821/793 454/477/793
f 684/452/794 333/835/794 454/477/794
f 418/453/795 684/452/795 280/561/795
f 683/510/796 449/836/796 328/837/796
f 683/510/797 597/509/797 449/836/797
f 597/509/798 274/838/798 449/836/798
f 681/505/799 683/510/799 328/837/799
f 681/505/800 682/507/800 683/510/800
f 682/507/801 358/508/801 683/510/801
f 550/506/802 569/839/802 298/280/802
f 550/506/803 681/505/803 569/839/803
f 681/505/804 328/837/804 569/839/804
f 533/447/805 679/386/805 650/328/805
f 680/385/806 331/840/806 678/841/806
f 679/386/807 678/841/807 412/481/807
f 677/497/808 671/489/808 435/12/808
f 677/497/809 571/496/809 671/489/809
f 571/496/810 300/369/810 671/489/810
f 675/492/811 677/497/811 435/12/811
f 675/492/812 676/494/812 677/497/812
f 676/494/813 330/495/813 677/497/813
f 481/493/814 555/487/814 301/486/814
f 481/493/815 675/492/815 555/487/815
f 675/492/816 435/12/816 555/487/816
f 673/14/817 672/277/817 411/276/817
f 672/277/818 674/13/818 423/817/818
f 531/275/819 672/277/819 659/331/819
f 649/488/820 673/14/820 411/276/820
f 179/253/821 158/266/821 237/265/821
f 599/485/822 676/494/822 360/491/822
f 599/485/823 451/484/823 676/494/823
f 451/484/824 330/495/824 676/494/824
f 678/841/825 572/842/825 532/498/825
f 666/480/826 682/507/826 430/504/826
f 666/480/827 479/479/827 682/507/827
f 479/479/828 358/508/828 682/507/828
f 667/476/829 689/702/829 431/467/829
f 434/473/830 551/465/830 688/517/830
f 601/457/831 713/556/831 362/553/831
f 601/457/832 539/456/832 713/556/832
f 539/456/833 419/434/833 713/556/833
f 544/454/834 716/231/834 424/230/834
f 716/231/835 653/562/835 717/229/835
f 798/255/836 515/421/836 393/256/836
f 539/456/837 729/435/837 419/434/837
f 523/784/838 402/5/838 728/812/838
f 493/843/839 654/320/839 730/809/839
f 55/8/840 105/81/840 112/100/840
f 536/451/841 733/572/841 416/570/841
f 536/451/842 455/450/842 733/572/842
f 455/450/843 335/573/843 733/572/843
f 155/246/844 230/289/844 229/295/844
f 737/176/845 604/175/845 456/582/845
f 741/801/846 739/844/846 738/579/846
f 748/600/847 747/597/847 413/384/847
f 283/788/848 409/584/848 646/786/848
f 528/792/849 407/589/849 406/660/849
f 533/447/850 748/600/850 413/384/850
f 747/597/851 534/592/851 651/502/851
f 549/350/852 299/478/852 664/828/852
f 283/788/853 334/355/853 409/584/853
f 211/206/854 168/92/854 149/207/854
f 400/608/855 756/605/855 757/790/855
f 521/440/654 400/608/654 757/790/654
f 525/439/856 760/611/856 404/19/856
f 525/439/857 487/438/857 760/611/857
f 487/438/858 365/612/858 760/611/858
f 642/436/859 763/618/859 401/615/859
f 272/337/860 795/768/860 559/767/860
f 522/617/861 769/459/861 401/615/861
f 768/624/862 638/312/862 642/436/862
f 640/433/863 773/630/863 399/628/863
f 640/433/864 460/432/864 773/630/864
f 460/432/865 338/631/865 773/630/865
f 639/430/866 776/634/866 398/311/866
f 777/781/867 399/628/867 775/422/867
f 518/626/868 779/779/868 397/635/868
f 268/425/869 780/780/869 351/777/869
f 517/424/870 395/540/870 396/636/870
f 783/541/871 396/636/871 395/540/871
f 517/424/872 785/641/872 395/540/872
f 788/644/873 635/429/873 784/640/873
f 516/773/874 791/770/874 394/648/874
f 791/770/875 591/771/875 792/769/875
f 259/762/876 629/756/876 511/666/876
f 795/768/877 390/415/877 794/757/877
f 607/764/878 514/759/878 797/763/878
f 511/666/879 629/756/879 806/758/879
f 510/364/880 809/670/880 388/668/880
f 510/364/881 490/414/881 809/670/881
f 490/414/882 368/671/882 809/670/882
f 508/336/421 818/677/421 386/413/421
f 817/664/510 504/405/510 382/663/510
f 821/325/588 491/741/588 369/742/588
f 505/406/883 383/323/883 821/325/883
f 506/739/884 265/685/884 384/683/884
f 265/685/885 568/737/885 824/684/885
f 504/405/886 826/736/886 382/663/886
f 827/714/887 382/663/887 826/736/887
f 503/296/888 829/292/888 381/291/888
f 279/731/541 830/290/541 557/735/541
f 616/401/889 832/308/889 377/199/889
f 842/705/571 611/728/571 371/703/571
f 344/694/890 499/692/890 831/691/890
f 459/394/891 337/706/891 841/729/891
f 615/392/344 844/725/344 376/708/344
f 845/723/344 376/708/344 844/725/344
f 497/377/574 847/721/574 375/701/574
f 846/709/892 615/392/892 376/708/892
f 661/511/893 850/50/893 425/52/893
f 238/264/894 251/286/894 237/265/894
f 251/286/895 238/264/895 239/251/895
f 10/214/896 116/215/896 53/179/896
f 145/63/897 188/86/897 206/239/897
f 172/268/898 152/191/898 238/264/898
f 118/173/899 123/49/899 120/193/899
f 120/193/900 51/35/900 124/226/900
f 124/226/901 75/54/901 120/193/901
f 75/54/902 52/38/902 249/58/902
f 289/845/903 735/577/903 602/804/903
f 249/58/904 191/41/904 122/90/904
f 122/90/905 248/180/905 152/191/905
f 152/191/906 247/192/906 118/173/906
f 122/90/907 152/191/907 118/173/907
f 121/198/908 52/38/908 75/54/908
f 120/193/909 123/49/909 119/32/909
f 249/58/910 121/198/910 122/90/910
f 121/198/911 75/54/911 120/193/911
f 120/193/912 119/32/912 118/173/912
f 243/326/913 155/246/913 175/330/913
f 253/278/914 269/333/914 256/846/914
f 524/4/915 643/270/915 402/5/915
f 152/191/916 247/192/916 239/251/916
f 435/12/917 671/489/917 674/13/917
f 641/18/918 525/439/918 404/19/918
f 103/45/919 102/186/919 16/46/919
f 850/50/920 851/717/920 849/51/920
f 34/7/921 13/87/921 106/53/921
f 48/37/922 27/172/922 75/54/922
f 153/181/923 241/283/923 239/251/923
f 202/55/924 147/272/924 208/56/924
f 49/40/925 28/185/925 249/58/925
f 99/59/926 138/134/926 4/30/926
f 234/61/927 160/68/927 181/62/927
f 145/63/928 206/239/928 227/64/928
f 224/66/929 225/184/929 223/67/929
f 190/69/930 212/307/930 165/70/930
f 61/71/931 8/132/931 70/72/931
f 187/79/932 219/42/932 166/44/932
f 105/81/933 106/53/933 58/82/933
f 183/84/934 162/287/934 217/85/934
f 141/89/935 193/95/935 122/90/935
f 163/91/936 167/240/936 168/92/936
f 141/89/937 175/330/937 200/94/937
f 78/96/938 74/188/938 29/97/938
f 236/102/939 203/152/939 160/68/939
f 59/75/940 3/21/940 67/23/940
f 19/103/941 97/146/941 64/104/941
f 787/108/942 789/646/942 461/109/942
f 176/113/943 231/205/943 182/114/943
f 67/23/944 40/22/944 83/117/944
f 22/118/945 83/117/945 82/119/945
f 114/107/946 112/100/946 11/99/946
f 156/126/947 231/205/947 176/113/947
f 80/128/948 21/228/948 81/129/948
f 270/136/949 548/826/949 663/137/949
f 115/106/950 2/9/950 111/112/950
f 180/142/951 221/225/951 151/143/951
f 204/248/952 148/306/952 210/43/952
f 222/57/953 208/56/953 165/70/953
f 178/151/954 158/266/954 224/66/954
f 619/159/955 610/733/955 266/160/955
f 241/283/956 240/267/956 239/251/956
f 118/173/957 194/211/957 246/174/957
f 11/99/958 104/124/958 103/45/958
f 53/179/959 116/215/959 110/2/959
f 248/180/960 122/90/960 193/95/960
f 201/182/961 146/232/961 207/183/961
f 102/186/962 38/131/962 61/71/962
f 117/189/963 113/123/963 31/178/963
f 805/194/964 388/668/964 627/195/964
f 377/199/965 499/692/965 498/200/965
f 195/202/966 142/227/966 203/152/966
f 232/204/967 233/258/967 231/205/967
f 44/28/968 23/220/968 77/203/968
f 38/131/969 76/98/969 50/190/969
f 100/78/970 133/15/970 101/135/970
f 194/211/971 142/227/971 195/202/971
f 167/240/972 206/239/972 188/86/972
f 63/60/973 71/48/973 87/166/973
f 23/220/974 68/187/974 78/96/974
f 180/142/975 235/346/975 159/224/975
f 94/147/976 22/118/976 43/120/976
f 27/172/977 72/171/977 124/226/977
f 88/162/978 46/31/978 139/164/978
f 21/228/979 94/147/979 66/149/979
f 717/229/980 715/559/980 424/230/980
f 546/234/981 707/545/981 706/235/981
f 159/224/982 222/57/982 220/150/982
f 248/180/983 152/191/983 8/132/983
f 198/242/984 232/204/984 156/126/984
f 242/127/985 176/113/985 197/245/985
f 207/183/986 146/232/986 189/233/986
f 182/114/987 161/247/987 219/42/987
f 117/189/988 133/15/988 100/78/988
f 136/17/989 37/16/989 89/163/989
f 796/254/990 797/763/990 798/255/990
f 73/197/991 52/38/991 121/198/991
f 698/259/416 551/465/416 314/260/416
f 185/262/992 164/299/992 214/263/992
f 194/211/993 118/173/993 247/192/993
f 102/186/994 103/45/994 104/124/994
f 281/269/995 655/557/995 643/270/995
f 7/39/996 74/188/996 68/187/996
f 239/251/997 238/264/997 152/191/997
f 144/115/998 182/114/998 187/79/998
f 181/62/999 223/67/999 185/262/999
f 415/576/1000 417/806/1000 535/805/1000
f 107/88/1001 14/74/1001 35/122/1001
f 531/275/1002 751/344/1002 411/276/1002
f 227/64/1003 206/239/1003 163/91/1003
f 15/83/1004 93/155/1004 92/154/1004
f 662/279/1005 547/460/1005 298/280/1005
f 81/129/1006 73/197/1006 28/185/1006
f 241/283/1007 200/94/1007 157/284/1007
f 54/101/1008 62/29/1008 104/124/1008
f 213/238/1009 215/250/1009 189/233/1009
f 12/212/1010 56/116/1010 59/75/1010
f 64/104/1011 5/33/1011 72/171/1011
f 91/153/1012 45/157/1012 68/187/1012
f 216/241/1013 209/244/1013 149/207/1013
f 162/287/1014 183/84/1014 228/288/1014
f 830/290/1015 828/688/1015 381/291/1015
f 246/174/1016 195/202/1016 154/293/1016
f 95/148/1017 96/76/1017 94/147/1017
f 116/215/1018 117/189/1018 115/106/1018
f 503/296/1019 624/676/1019 262/297/1019
f 31/178/1020 103/45/1020 37/16/1020
f 214/263/1021 215/250/1021 213/238/1021
f 30/10/1022 100/78/1022 18/77/1022
f 118/173/1023 120/193/1023 75/54/1023
f 27/172/1024 48/37/1024 82/119/1024
f 352/622/1025 523/784/1025 754/810/1025
f 12/212/1026 110/2/1026 109/301/1026
f 192/282/1027 198/242/1027 244/243/1027
f 835/303/1028 836/400/1028 380/304/1028
f 174/249/1029 186/300/1029 148/306/1029
f 832/308/562 378/730/562 617/309/562
f 39/11/1030 86/170/1030 65/141/1030
f 51/35/1031 120/193/1031 245/294/1031
f 147/272/1032 185/262/1032 190/69/1032
f 398/311/1033 519/402/1033 638/312/1033
f 838/314/1034 839/699/1034 379/315/1034
f 77/203/1035 78/96/1035 76/98/1035
f 600/317/1036 745/594/1036 744/318/1036
f 654/320/1037 493/843/1037 538/321/1037
f 383/323/1038 822/682/1038 820/324/1038
f 150/302/1039 244/243/1039 243/326/1039
f 29/97/1040 74/188/1040 122/90/1040
f 294/327/1041 533/447/1041 650/328/1041
f 151/143/1042 232/204/1042 198/242/1042
f 16/46/1043 61/71/1043 90/73/1043
f 170/273/1044 243/326/1044 175/330/1044
f 161/247/1045 182/114/1045 231/205/1045
f 60/121/1046 69/335/1046 93/155/1046
f 10/214/1047 53/179/1047 114/107/1047
f 659/331/1048 593/818/1048 252/332/1048
f 137/133/1049 134/218/1049 135/219/1049
f 134/218/1050 89/163/1050 88/162/1050
f 33/209/1051 98/210/1051 40/22/1051
f 249/58/1052 150/302/1052 170/273/1052
f 35/122/1053 42/343/1053 69/335/1053
f 508/336/1054 509/674/1054 272/337/1054
f 43/120/1055 82/119/1055 48/37/1055
f 632/339/1056 628/196/1056 308/340/1056
f 69/335/1057 42/343/1057 80/128/1057
f 245/294/1058 154/293/1058 173/342/1058
f 75/54/1059 140/223/1059 192/282/1059
f 42/343/1060 95/148/1060 21/228/1060
f 110/2/1061 9/139/1061 111/112/1061
f 26/47/1062 120/193/1062 51/35/1062
f 225/184/1063 207/183/1063 164/299/1063
f 173/342/1064 180/142/1064 143/144/1064
f 17/125/1065 76/98/1065 38/131/1065
f 70/72/1066 152/191/1066 247/192/1066
f 93/155/1067 69/335/1067 24/156/1067
f 52/38/1068 192/282/1068 150/302/1068
f 751/344/1069 752/482/1069 750/345/1069
f 56/116/1070 109/301/1070 33/209/1070
f 158/266/1071 201/182/1071 225/184/1071
f 235/346/1072 236/102/1072 234/61/1072
f 193/95/1073 200/94/1073 241/283/1073
f 124/226/1074 51/35/1074 151/143/1074
f 631/347/1075 798/255/1075 392/348/1075
f 205/271/1076 187/79/1076 218/80/1076
f 549/350/1077 664/828/1077 428/351/1077
f 66/149/1078 6/36/1078 73/197/1078
f 144/115/1079 205/271/1079 230/289/1079
f 108/213/1080 107/88/1080 13/87/1080
f 83/117/1081 19/103/1081 84/105/1081
f 154/293/1082 195/202/1082 236/102/1082
f 295/356/1083 542/567/1083 657/357/1083
f 24/156/1084 80/128/1084 79/130/1084
f 75/54/1085 124/226/1085 151/143/1085
f 669/359/1086 696/531/1086 325/360/1086
f 512/362/1087 626/747/1087 309/363/1087
f 240/267/1088 157/284/1088 177/285/1088
f 354/365/1089 723/819/1089 722/366/1089
f 658/368/1090 543/490/1090 300/369/1090
f 658/368/1091 480/370/1091 359/371/1091
f 815/373/1092 816/744/1092 385/374/1092
f 164/299/1093 207/183/1093 215/250/1093
f 57/111/1094 33/209/1094 109/301/1094
f 336/376/1095 847/721/1095 497/377/1095
f 323/379/1096 726/569/1096 725/380/1096
f 385/374/1097 507/388/1097 623/382/1097
f 92/154/1098 91/153/1098 23/220/1098
f 413/384/1099 651/502/1099 680/385/1099
f 74/188/1100 7/39/1100 191/41/1100
f 210/43/1101 212/307/1101 169/237/1101
f 738/579/1102 576/581/1102 526/789/1102
f 35/122/1103 14/74/1103 95/148/1103
f 217/85/1104 216/241/1104 167/240/1104
f 157/284/1105 229/295/1105 228/288/1105
f 20/222/1106 41/145/1106 97/146/1106
f 310/387/1107 623/382/1107 507/388/1107
f 175/330/1108 155/246/1108 229/295/1108
f 618/396/1109 839/699/1109 343/397/1109
f 492/399/1110 370/732/1110 836/400/1110
f 519/402/1111 520/423/1111 281/269/1111
f 505/406/590 609/743/590 286/407/590
f 20/222/1112 131/208/1112 128/169/1112
f 545/409/409 710/551/409 709/410/409
f 625/411/1113 812/537/1113 811/412/1113
f 512/362/610 807/667/610 390/415/610
f 803/417/1114 802/651/1114 391/418/1114
f 800/420/1115 799/448/1115 393/256/1115
f 775/422/1116 399/628/1116 520/423/1116
f 634/427/1117 581/847/1117 307/428/1117
f 643/270/1118 655/557/1118 419/434/1118
f 293/442/1119 528/792/1119 755/443/1119
f 799/448/1120 628/196/1120 632/339/1120
f 112/100/1121 105/81/1121 36/27/1121
f 108/213/1122 34/7/1122 1/1/1122
f 124/226/1123 637/625/1123 770/458/1123
f 547/460/1005 662/279/1005 426/236/1005
f 704/461/1124 705/542/1124 429/462/1124
f 663/137/1125 548/826/1125 702/463/1125
f 551/465/1126 698/259/1126 697/466/1126
f 695/468/1127 696/531/1127 433/469/1127
f 691/471/1128 587/834/1128 670/472/1128
f 546/234/1129 687/754/1129 433/469/1129
f 650/328/1130 679/386/1130 412/481/1130
f 555/487/1131 435/12/1131 673/14/1131
f 671/489/1132 300/369/1132 543/490/1132
f 532/498/1133 572/842/1133 301/486/1133
f 644/499/1134 473/783/1134 771/500/1134
f 651/502/1135 277/596/1135 452/503/1135
f 661/511/1136 656/815/1136 275/512/1136
f 662/279/1137 478/281/1137 357/514/1137
f 596/516/1138 686/755/1138 685/515/1138
f 315/518/1139 554/833/1139 690/519/1139
f 613/521/781 467/831/781 693/522/781
f 374/523/1140 693/522/1140 692/524/1140
f 691/471/385 692/524/385 693/522/385
f 347/527/829 689/702/829 667/476/829
f 668/528/1141 695/468/1141 694/470/1141
f 447/530/1142 325/360/1142 696/531/1142
f 553/532/1143 552/830/1143 432/529/1143
f 495/261/187 373/534/187 699/533/187
f 668/528/1144 699/533/1144 373/534/1144
f 698/259/1145 699/533/1145 432/529/1145
f 701/536/753 700/827/753 430/504/753
f 547/460/1146 701/536/1146 550/506/1146
f 812/537/1147 625/411/1147 286/407/1147
f 704/461/1148 548/826/1148 270/136/1148
f 446/539/1149 324/825/1149 705/542/1149
f 477/543/1150 356/824/1150 708/544/1150
f 707/545/1151 708/544/1151 427/464/1151
f 1/1/1152 55/8/1152 114/107/1152
f 540/546/1153 711/550/1153 355/547/1153
f 476/549/1154 355/547/1154 711/550/1154
f 710/551/1155 711/550/1155 420/552/1155
f 715/559/1156 717/229/1156 684/452/1156
f 280/561/1157 684/452/1157 717/229/1157
f 121/198/1158 120/193/1158 118/173/1158
f 598/563/1159 719/564/1159 718/372/1159
f 719/564/1160 720/820/1160 422/565/1160
f 719/564/1161 598/563/1161 275/512/1161
f 722/366/1162 721/568/1162 422/565/1162
f 475/367/1163 722/366/1163 542/567/1163
f 721/568/1164 543/490/1164 658/368/1164
f 565/358/320 657/357/320 726/569/320
f 445/381/1165 725/380/1165 540/546/1165
f 725/380/1166 724/814/1166 420/552/1166
f 167/240/1167 168/92/1167 250/848/1167
f 173/342/1168 154/293/1168 235/346/1168
f 280/561/1169 327/322/1169 418/453/1169
f 372/849/1170 280/561/1170 537/808/1170
f 126/140/1171 57/111/1171 2/9/1171
f 363/850/1172 415/576/1172 535/805/1172
f 456/582/1173 736/580/1173 738/579/1173
f 577/449/1174 737/176/1174 739/844/1174
f 742/586/1175 573/798/1175 302/587/1175
f 534/592/1176 414/796/1176 746/593/1176
f 745/594/1177 746/593/1177 405/595/1177
f 745/594/1178 600/317/1178 277/596/1178
f 353/598/1179 592/601/1179 749/599/1179
f 592/601/1180 443/444/1180 652/602/1180
f 322/603/1181 564/329/1181 752/482/1181
f 444/445/1182 322/603/1182 751/344/1182
f 216/241/1183 217/85/1183 218/80/1183
f 408/604/1184 528/792/1184 754/810/1184
f 408/604/1185 529/652/1185 648/590/1185
f 352/622/1186 754/810/1186 528/792/1186
f 755/443/1187 406/660/1187 405/595/1187
f 756/605/1188 645/610/1188 305/606/1188
f 764/501/1189 771/500/1189 247/192/1189
f 524/4/1190 403/623/1190 763/618/1190
f 442/619/1191 563/782/1191 767/620/1191
f 766/621/1192 523/784/1192 352/622/1192
f 766/621/1193 767/620/1193 403/623/1193
f 637/625/1194 292/778/1194 518/626/1194
f 472/627/1195 124/226/1195 769/459/1195
f 517/424/1196 396/636/1196 776/634/1196
f 778/313/1197 780/780/1197 639/430/1197
f 427/464/1198 702/463/1198 701/536/1198
f 366/639/1199 606/775/1199 636/638/1199
f 785/641/1200 321/772/1200 561/642/1200
f 849/51/1201 665/26/1201 545/409/1201
f 788/644/1202 394/648/1202 633/645/1202
f 285/647/1203 461/109/1203 789/646/1203
f 391/418/1204 630/760/1204 633/645/1204
f 190/69/1205 214/263/1205 169/237/1205
f 387/650/1206 626/747/1206 512/362/1206
f 802/651/1207 803/417/1207 804/349/1207
f 278/455/1208 453/851/1208 648/590/1208
f 796/254/1209 632/339/1209 489/341/1209
f 290/654/1210 515/421/1210 631/347/1210
f 799/448/1211 800/420/1211 801/656/1211
f 349/658/1212 801/656/1212 800/420/1212
f 407/589/1213 743/591/1213 742/586/1213
f 440/661/1214 803/417/1214 513/419/1214
f 382/663/590 621/408/590 625/411/590
f 320/665/1215 804/349/1215 803/417/1215
f 511/666/1216 806/758/1216 389/657/1216
f 807/667/1217 510/364/1217 388/668/1217
f 812/537/1218 813/746/1218 387/650/1218
f 509/674/1219 508/336/1219 386/413/1219
f 620/161/1220 815/373/1220 814/375/1220
f 815/373/1221 620/161/1221 266/160/1221
f 624/676/547 503/296/547 381/291/547
f 818/677/523 348/680/523 589/678/523
f 348/680/1222 818/677/1222 508/336/1222
f 824/684/1223 823/383/1223 384/683/1223
f 383/323/1224 505/406/1224 621/408/1224
f 318/687/1225 826/736/1225 504/405/1225
f 317/689/567 829/292/567 503/296/567
f 828/688/1226 830/290/1226 502/690/1226
f 831/691/1227 833/310/1227 586/693/1227
f 617/309/1228 840/704/1228 494/695/1228
f 618/396/1229 835/303/1229 834/305/1229
f 835/303/1230 618/396/1230 311/697/1230
f 242/127/1231 243/326/1231 244/243/1231
f 465/698/1232 343/397/1232 839/699/1232
f 501/700/574 497/377/574 375/701/574
f 690/519/1233 688/517/1233 431/467/1233
f 371/703/1234 494/695/1234 840/704/1234
f 843/201/1235 845/723/1235 616/401/1235
f 261/390/1236 615/392/1236 848/711/1236
f 376/708/1237 498/200/1237 614/710/1237
f 288/713/1238 622/681/1238 827/714/1238
f 329/716/1239 570/718/1239 851/717/1239
f 450/513/1240 329/716/1240 850/50/1240
f 177/285/1241 228/288/1241 183/84/1241
f 665/26/1242 849/51/1242 429/462/1242
f 429/462/1243 851/717/1243 549/350/1243
f 296/719/1244 545/409/1244 665/26/1244
f 848/711/1235 846/709/1235 375/701/1235
f 847/721/1235 336/376/1235 578/712/1235
f 127/221/1245 65/141/1245 131/208/1245
f 282/393/1246 616/401/1246 845/723/1246
f 844/725/1247 316/726/1247 556/724/1247
f 316/726/1248 844/725/1248 615/392/1248
f 159/224/1249 234/61/1249 202/55/1249
f 312/696/1250 586/693/1250 833/310/1250
f 500/395/1251 459/394/1251 841/729/1251
f 378/730/1252 841/729/1252 840/704/1252
f 614/710/1253 838/314/1253 837/316/1253
f 838/314/1254 614/710/1254 287/722/1254
f 497/377/1255 501/700/1255 279/731/1255
f 502/690/546 501/700/546 379/315/546
f 619/159/1256 836/400/1256 370/732/1256
f 378/730/1257 832/308/1257 616/401/1257
f 841/729/1258 337/706/1258 842/705/1258
f 833/310/1259 831/691/1259 377/199/1259
f 72/171/1260 5/33/1260 51/35/1260
f 380/304/1261 619/159/1261 620/161/1261
f 829/292/539 317/689/539 557/735/539
f 826/736/1262 318/687/1262 558/715/1262
f 825/686/1263 827/714/1263 622/681/1263
f 262/297/1264 624/676/1264 824/684/1264
f 326/738/1265 265/685/1265 506/739/1265
f 288/713/556 448/740/556 506/739/556
f 823/383/1266 824/684/1266 624/676/1266
f 623/382/1267 820/324/1267 822/682/1267
f 820/324/1267 623/382/1267 310/387/1267
f 622/681/1223 506/739/1223 384/683/1223
f 505/406/1268 821/325/1268 369/742/1268
f 263/403/1269 504/405/1269 819/679/1269
f 819/679/421 817/664/421 386/413/421
f 464/675/1270 342/745/1270 816/744/1270
f 507/388/1271 816/744/1271 342/745/1271
f 463/538/599 341/749/599 813/746/599
f 626/747/1272 813/746/1272 341/749/1272
f 553/532/1273 433/469/1273 687/754/1273
f 390/415/1274 806/758/1274 629/756/1274
f 806/758/1275 807/667/1275 805/194/1275
f 392/348/1276 797/763/1276 514/759/1276
f 560/655/1277 631/347/1277 804/349/1277
f 802/651/1278 514/759/1278 630/760/1278
f 514/759/1279 607/764/1279 285/647/1279
f 470/659/1280 800/420/1280 515/421/1280
f 590/761/1281 511/666/1281 801/656/1281
f 797/763/1282 796/254/1282 367/653/1282
f 319/765/1283 794/757/1283 629/756/1283
f 793/416/523 795/768/523 509/674/523
f 794/757/1284 319/765/1284 559/767/1284
f 792/769/1285 790/649/1285 394/648/1285
f 790/649/1286 792/769/1286 513/419/1286
f 267/662/1287 513/419/1287 792/769/1287
f 394/648/1288 788/644/1288 516/773/1288
f 339/110/1289 581/847/1289 634/427/1289
f 45/157/1290 79/130/1290 49/40/1290
f 321/772/1291 785/641/1291 517/424/1291
f 784/640/1292 786/643/1292 516/773/1292
f 786/643/1293 784/640/1293 395/540/1293
f 782/637/1294 783/541/1294 488/774/1294
f 307/428/1295 488/774/1295 783/541/1295
f 351/777/1296 779/779/1296 518/626/1296
f 780/780/1297 778/313/1297 397/635/1297
f 636/638/1298 284/431/1298 640/433/1298
f 396/636/1299 636/638/1299 777/781/1299
f 776/634/1300 777/781/1300 775/422/1300
f 769/459/1301 770/458/1301 768/624/1301
f 770/458/1302 518/626/1302 397/635/1302
f 523/784/1303 766/621/1303 765/6/1303
f 644/499/1304 767/620/1304 563/782/1304
f 238/264/1305 178/151/1305 142/227/1305
f 762/616/1306 247/192/1306 562/785/1306
f 763/618/1307 764/501/1307 762/616/1307
f 403/623/1308 644/499/1308 764/501/1308
f 645/610/855 756/605/855 758/20/855
f 757/790/678 756/605/678 485/607/678
f 123/49/1309 246/174/1309 245/294/1309
f 521/440/1102 757/790/1102 364/791/1102
f 406/660/1310 527/588/1310 647/793/1310
f 750/345/1311 532/498/1311 649/488/1311
f 528/792/1312 408/604/1312 407/589/1312
f 647/793/1313 527/588/1313 302/587/1313
f 151/143/1314 174/249/1314 196/257/1314
f 412/481/1315 678/841/1315 532/498/1315
f 474/446/1316 353/598/1316 748/600/1316
f 749/599/1317 652/602/1317 414/796/1317
f 647/793/1318 482/794/1318 361/319/1318
f 755/443/1319 746/593/1319 414/796/1319
f 648/590/1320 453/851/1320 332/797/1320
f 573/798/1321 742/586/1321 743/591/1321
f 350/799/1322 791/770/1322 516/773/1322
f 739/844/1323 457/583/1323 577/449/1323
f 457/583/1324 739/844/1324 741/801/1324
f 415/576/1325 363/850/1325 602/804/1325
f 417/806/1326 415/576/1326 731/578/1326
f 537/808/1327 731/578/1327 372/849/1327
f 313/803/1328 372/849/1328 731/578/1328
f 523/784/1329 728/812/1329 408/604/1329
f 402/5/1330 729/435/1330 727/811/1330
f 727/811/1331 539/456/1331 278/455/1331
f 728/812/1332 727/811/1332 529/652/1332
f 389/657/1333 805/194/1333 628/196/1333
f 724/814/1334 541/566/1334 656/815/1334
f 724/814/1335 725/380/1335 726/569/1335
f 543/490/1336 721/568/1336 423/817/1336
f 593/818/1337 659/331/1337 723/819/1337
f 721/568/1338 722/366/1338 723/819/1338
f 291/816/1339 516/773/1339 786/643/1339
f 423/817/1340 723/819/1340 659/331/1340
f 541/566/1341 421/813/1341 720/820/1341
f 542/567/1342 720/820/1342 421/813/1342
f 454/477/1343 574/821/1343 660/560/1343
f 416/570/835 716/231/835 544/454/835
f 710/551/1344 545/409/1344 296/719/1344
f 656/815/1136 661/511/1136 425/52/1136
f 148/306/1345 204/248/1345 233/258/1345
f 707/545/1346 546/234/1346 297/823/1346
f 663/137/1347 708/544/1347 356/824/1347
f 297/823/1348 546/234/1348 669/359/1348
f 665/26/1349 705/542/1349 324/825/1349
f 548/826/1350 704/461/1350 703/352/1350
f 700/827/1351 664/828/1351 666/480/1351
f 700/827/1352 701/536/1352 702/463/1352
f 552/830/1353 667/476/1353 431/467/1353
f 65/141/1354 127/221/1354 98/210/1354
f 98/210/1355 97/146/1355 19/103/1355
f 108/213/1356 59/75/1356 14/74/1356
f 695/468/1357 668/528/1357 271/829/1357
f 688/517/1358 690/519/1358 554/833/1358
f 689/702/1359 347/527/1359 588/520/1359
f 692/524/385 691/471/385 434/473/385
f 496/525/1360 692/524/1360 554/833/1360
f 686/755/1361 596/516/1361 273/474/1361
f 686/755/1362 687/754/1362 426/236/1362
f 533/447/1363 413/384/1363 679/386/1363
f 680/385/1364 452/503/1364 331/840/1364
f 679/386/1365 680/385/1365 678/841/1365
f 673/14/1366 674/13/1366 672/277/1366
f 179/253/1367 201/182/1367 158/266/1367
f 678/841/1368 331/840/1368 572/842/1368
f 434/473/1140 670/472/1140 551/465/1140
f 716/231/1369 416/570/1369 653/562/1369
f 798/255/1370 631/347/1370 515/421/1370
f 539/456/1371 727/811/1371 729/435/1371
f 55/8/1372 106/53/1372 105/81/1372
f 731/578/1373 537/808/1373 417/806/1373
f 155/246/1374 197/245/1374 230/289/1374
f 738/579/1375 739/844/1375 737/176/1375
f 748/600/1376 749/599/1376 747/597/1376
f 406/660/1377 742/586/1377 527/588/1377
f 747/597/1378 414/796/1378 534/592/1378
f 549/350/1379 570/718/1379 299/478/1379
f 211/206/1380 213/238/1380 168/92/1380
f 400/608/1381 758/20/1381 756/605/1381
f 272/337/1382 509/674/1382 795/768/1382
f 768/624/1383 397/635/1383 638/312/1383
f 777/781/1384 640/433/1384 399/628/1384
f 268/425/1385 639/430/1385 780/780/1385
f 783/541/1386 782/637/1386 396/636/1386
f 788/644/1387 634/427/1387 635/429/1387
f 789/646/1388 787/108/1388 788/644/1388
f 791/770/1389 350/799/1389 591/771/1389
f 259/762/1390 439/766/1390 629/756/1390
f 795/768/1391 793/416/1391 390/415/1391
f 817/664/1392 819/679/1392 504/405/1392
f 821/325/1393 820/324/1393 491/741/1393
f 265/685/1394 326/738/1394 568/737/1394
f 827/714/1395 825/686/1395 382/663/1395
f 279/731/541 502/690/541 830/290/541
f 842/705/1396 579/707/1396 611/728/1396
f 344/694/1397 466/734/1397 499/692/1397
f 845/723/1398 843/201/1398 376/708/1398
f 846/709/1399 848/711/1399 615/392/1399
f 10/214/1400 117/189/1400 116/215/1400
f 145/63/1401 183/84/1401 188/86/1401
f 172/268/1402 247/192/1402 152/191/1402
f 289/845/1403 345/802/1403 735/577/1403
f 243/326/1404 242/127/1404 155/246/1404
